1.855004521,1.855004521,1.855004521,1.855004521,1.855004521,1.855004521,1.855004521,1.855004521,1.855004521,1.855004521,1.855004521,1.855004521,1.855004521,1.855004521,1.855004521,1.855004521,1.855004521,1.855004521,1.855004521,1.855004521,1.855004521,1.855004521,1.855004521
1.843195532,1.843195532,1.843195532,1.843195532,1.843195532,1.843195532,1.843195532,1.843195532,1.843195532,1.843195532,1.843195532,1.843195532,1.843195532,1.843195532,1.843195532,1.843195532,1.843195532,1.843195532,1.843195532,1.843195532,1.843195532,1.843195532,1.843195532
1.839601842,1.839601842,1.839601842,1.839601842,1.839601842,1.839601842,1.839601842,1.839601842,1.839601842,1.839601842,1.839601842,1.839601842,1.839601842,1.839601842,1.839601842,1.839601842,1.839601842,1.839601842,1.839601842,1.839601842,1.839601842,1.839601842,1.839601842
1.830673604,1.830673604,1.830673604,1.830673604,1.830673604,1.830673604,1.830673604,1.830673604,1.830673604,1.830673604,1.830673604,1.830673604,1.830673604,1.830673604,1.830673604,1.830673604,1.830673604,1.830673604,1.830673604,1.830673604,1.830673604,1.830673604,1.830673604
1.832700207,1.832700207,1.832700207,1.832700207,1.832700207,1.832700207,1.832700207,1.832700207,1.832700207,1.832700207,1.832700207,1.832700207,1.832700207,1.832700207,1.832700207,1.832700207,1.832700207,1.832700207,1.832700207,1.832700207,1.832700207,1.832700207,1.832700207
1.828528885,1.828528885,1.828528885,1.828528885,1.828528885,1.828528885,1.828528885,1.828528885,1.828528885,1.828528885,1.828528885,1.828528885,1.828528885,1.828528885,1.828528885,1.828528885,1.828528885,1.828528885,1.828528885,1.828528885,1.828528885,1.828528885,1.828528885
1.82120119,1.82120119,1.82120119,1.82120119,1.82120119,1.82120119,1.82120119,1.82120119,1.82120119,1.82120119,1.82120119,1.82120119,1.82120119,1.82120119,1.82120119,1.82120119,1.82120119,1.82120119,1.82120119,1.82120119,1.82120119,1.82120119,1.82120119
1.815170011,1.815170011,1.815170011,1.815170011,1.815170011,1.815170011,1.815170011,1.815170011,1.815170011,1.815170011,1.815170011,1.815170011,1.815170011,1.815170011,1.815170011,1.815170011,1.815170011,1.815170011,1.815170011,1.815170011,1.815170011,1.815170011,1.815170011
1.804298052,1.804298052,1.804298052,1.804298052,1.804298052,1.804298052,1.804298052,1.804298052,1.804298052,1.804298052,1.804298052,1.804298052,1.804298052,1.804298052,1.804298052,1.804298052,1.804298052,1.804298052,1.804298052,1.804298052,1.804298052,1.804298052,1.804298052
1.82310023,1.82310023,1.82310023,1.82310023,1.82310023,1.82310023,1.82310023,1.82310023,1.82310023,1.82310023,1.82310023,1.82310023,1.82310023,1.82310023,1.82310023,1.82310023,1.82310023,1.82310023,1.82310023,1.82310023,1.82310023,1.82310023,1.82310023
1.812125352,1.812125352,1.812125352,1.812125352,1.812125352,1.812125352,1.812125352,1.812125352,1.812125352,1.812125352,1.812125352,1.812125352,1.812125352,1.812125352,1.812125352,1.812125352,1.812125352,1.812125352,1.812125352,1.812125352,1.812125352,1.812125352,1.812125352
1.804691638,1.804691638,1.804691638,1.804691638,1.804691638,1.804691638,1.804691638,1.804691638,1.804691638,1.804691638,1.804691638,1.804691638,1.804691638,1.804691638,1.804691638,1.804691638,1.804691638,1.804691638,1.804691638,1.804691638,1.804691638,1.804691638,1.804691638
1.79084435,1.79084435,1.79084435,1.79084435,1.79084435,1.79084435,1.79084435,1.79084435,1.79084435,1.79084435,1.79084435,1.79084435,1.79084435,1.79084435,1.79084435,1.79084435,1.79084435,1.79084435,1.79084435,1.79084435,1.79084435,1.79084435,1.79084435
1.783470723,1.783470723,1.783470723,1.783470723,1.783470723,1.783470723,1.783470723,1.783470723,1.783470723,1.783470723,1.783470723,1.783470723,1.783470723,1.783470723,1.783470723,1.783470723,1.783470723,1.783470723,1.783470723,1.783470723,1.783470723,1.783470723,1.783470723
1.780938613,1.780938613,1.780938613,1.780938613,1.780938613,1.780938613,1.780938613,1.780938613,1.780938613,1.780938613,1.780938613,1.780938613,1.780938613,1.780938613,1.780938613,1.780938613,1.780938613,1.780938613,1.780938613,1.780938613,1.780938613,1.780938613,1.780938613
1.77120904,1.77120904,1.77120904,1.77120904,1.77120904,1.77120904,1.77120904,1.77120904,1.77120904,1.77120904,1.77120904,1.77120904,1.77120904,1.77120904,1.77120904,1.77120904,1.77120904,1.77120904,1.77120904,1.77120904,1.77120904,1.77120904,1.77120904
1.7686304,1.7686304,1.7686304,1.7686304,1.7686304,1.7686304,1.7686304,1.7686304,1.7686304,1.7686304,1.7686304,1.7686304,1.7686304,1.7686304,1.7686304,1.7686304,1.7686304,1.7686304,1.7686304,1.7686304,1.7686304,1.7686304,1.7686304
1.75363048,1.75363048,1.75363048,1.75363048,1.75363048,1.75363048,1.75363048,1.75363048,1.75363048,1.75363048,1.75363048,1.75363048,1.75363048,1.75363048,1.75363048,1.75363048,1.75363048,1.75363048,1.75363048,1.75363048,1.75363048,1.75363048,1.75363048
1.746219742,1.746219742,1.746219742,1.746219742,1.746219742,1.746219742,1.746219742,1.746219742,1.746219742,1.746219742,1.746219742,1.746219742,1.746219742,1.746219742,1.746219742,1.746219742,1.746219742,1.746219742,1.746219742,1.746219742,1.746219742,1.746219742,1.746219742
1.737664734,1.737664734,1.737664734,1.737664734,1.737664734,1.737664734,1.737664734,1.737664734,1.737664734,1.737664734,1.737664734,1.737664734,1.737664734,1.737664734,1.737664734,1.737664734,1.737664734,1.737664734,1.737664734,1.737664734,1.737664734,1.737664734,1.737664734
1.731516674,1.731516674,1.731516674,1.731516674,1.731516674,1.731516674,1.731516674,1.731516674,1.731516674,1.731516674,1.731516674,1.731516674,1.731516674,1.731516674,1.731516674,1.731516674,1.731516674,1.731516674,1.731516674,1.731516674,1.731516674,1.731516674,1.731516674
1.708594989,1.708594989,1.708594989,1.708594989,1.708594989,1.708594989,1.708594989,1.708594989,1.708594989,1.708594989,1.708594989,1.708594989,1.708594989,1.708594989,1.708594989,1.708594989,1.708594989,1.708594989,1.708594989,1.708594989,1.708594989,1.708594989,1.708594989
1.711469957,1.711469957,1.711469957,1.711469957,1.711469957,1.711469957,1.711469957,1.711469957,1.711469957,1.711469957,1.711469957,1.711469957,1.711469957,1.711469957,1.711469957,1.711469957,1.711469957,1.711469957,1.711469957,1.711469957,1.711469957,1.711469957,1.711469957
1.707502137,1.707502137,1.707502137,1.707502137,1.707502137,1.707502137,1.707502137,1.707502137,1.707502137,1.707502137,1.707502137,1.707502137,1.707502137,1.707502137,1.707502137,1.707502137,1.707502137,1.707502137,1.707502137,1.707502137,1.707502137,1.707502137,1.707502137
1.749238206,1.749238206,1.749238206,1.749238206,1.749238206,1.749238206,1.749238206,1.749238206,1.749238206,1.749238206,1.749238206,1.749238206,1.749238206,1.749238206,1.749238206,1.749238206,1.749238206,1.749238206,1.749238206,1.749238206,1.749238206,1.749238206,1.749238206
1.732769715,1.732769715,1.732769715,1.732769715,1.732769715,1.732769715,1.732769715,1.732769715,1.732769715,1.732769715,1.732769715,1.732769715,1.732769715,1.732769715,1.732769715,1.732769715,1.732769715,1.732769715,1.732769715,1.732769715,1.732769715,1.732769715,1.732769715
1.722231333,1.722231333,1.722231333,1.722231333,1.722231333,1.722231333,1.722231333,1.722231333,1.722231333,1.722231333,1.722231333,1.722231333,1.722231333,1.722231333,1.722231333,1.722231333,1.722231333,1.722231333,1.722231333,1.722231333,1.722231333,1.722231333,1.722231333
1.711846299,1.711846299,1.711846299,1.711846299,1.711846299,1.711846299,1.711846299,1.711846299,1.711846299,1.711846299,1.711846299,1.711846299,1.711846299,1.711846299,1.711846299,1.711846299,1.711846299,1.711846299,1.711846299,1.711846299,1.711846299,1.711846299,1.711846299
1.699267835,1.699267835,1.699267835,1.699267835,1.699267835,1.699267835,1.699267835,1.699267835,1.699267835,1.699267835,1.699267835,1.699267835,1.699267835,1.699267835,1.699267835,1.699267835,1.699267835,1.699267835,1.699267835,1.699267835,1.699267835,1.699267835,1.699267835
1.694036644,1.694036644,1.694036644,1.694036644,1.694036644,1.694036644,1.694036644,1.694036644,1.694036644,1.694036644,1.694036644,1.694036644,1.694036644,1.694036644,1.694036644,1.694036644,1.694036644,1.694036644,1.694036644,1.694036644,1.694036644,1.694036644,1.694036644
1.681902708,1.681902708,1.681902708,1.681902708,1.681902708,1.681902708,1.681902708,1.681902708,1.681902708,1.681902708,1.681902708,1.681902708,1.681902708,1.681902708,1.681902708,1.681902708,1.681902708,1.681902708,1.681902708,1.681902708,1.681902708,1.681902708,1.681902708
1.676977062,1.676977062,1.676977062,1.676977062,1.676977062,1.676977062,1.676977062,1.676977062,1.676977062,1.676977062,1.676977062,1.676977062,1.676977062,1.676977062,1.676977062,1.676977062,1.676977062,1.676977062,1.676977062,1.676977062,1.676977062,1.676977062,1.676977062
1.665522931,1.665522931,1.665522931,1.665522931,1.665522931,1.665522931,1.665522931,1.665522931,1.665522931,1.665522931,1.665522931,1.665522931,1.665522931,1.665522931,1.665522931,1.665522931,1.665522931,1.665522931,1.665522931,1.665522931,1.665522931,1.665522931,1.665522931
1.657192458,1.657192458,1.657192458,1.657192458,1.657192458,1.657192458,1.657192458,1.657192458,1.657192458,1.657192458,1.657192458,1.657192458,1.657192458,1.657192458,1.657192458,1.657192458,1.657192458,1.657192458,1.657192458,1.657192458,1.657192458,1.657192458,1.657192458
1.648224156,1.648224156,1.648224156,1.648224156,1.648224156,1.648224156,1.648224156,1.648224156,1.648224156,1.648224156,1.648224156,1.648224156,1.648224156,1.648224156,1.648224156,1.648224156,1.648224156,1.648224156,1.648224156,1.648224156,1.648224156,1.648224156,1.648224156
1.63877015,1.63877015,1.63877015,1.63877015,1.63877015,1.63877015,1.63877015,1.63877015,1.63877015,1.63877015,1.63877015,1.63877015,1.63877015,1.63877015,1.63877015,1.63877015,1.63877015,1.63877015,1.63877015,1.63877015,1.63877015,1.63877015,1.63877015
1.627648691,1.627648691,1.627648691,1.627648691,1.627648691,1.627648691,1.627648691,1.627648691,1.627648691,1.627648691,1.627648691,1.627648691,1.627648691,1.627648691,1.627648691,1.627648691,1.627648691,1.627648691,1.627648691,1.627648691,1.627648691,1.627648691,1.627648691
1.622153702,1.622153702,1.622153702,1.622153702,1.622153702,1.622153702,1.622153702,1.622153702,1.622153702,1.622153702,1.622153702,1.622153702,1.622153702,1.622153702,1.622153702,1.622153702,1.622153702,1.622153702,1.622153702,1.622153702,1.622153702,1.622153702,1.622153702
1.614006651,1.614006651,1.614006651,1.614006651,1.614006651,1.614006651,1.614006651,1.614006651,1.614006651,1.614006651,1.614006651,1.614006651,1.614006651,1.614006651,1.614006651,1.614006651,1.614006651,1.614006651,1.614006651,1.614006651,1.614006651,1.614006651,1.614006651
1.676051615,1.676051615,1.676051615,1.676051615,1.676051615,1.676051615,1.676051615,1.676051615,1.676051615,1.676051615,1.676051615,1.676051615,1.676051615,1.676051615,1.676051615,1.676051615,1.676051615,1.676051615,1.676051615,1.676051615,1.676051615,1.676051615,1.676051615
1.649300643,1.649300643,1.649300643,1.649300643,1.649300643,1.649300643,1.649300643,1.649300643,1.649300643,1.649300643,1.649300643,1.649300643,1.649300643,1.649300643,1.649300643,1.649300643,1.649300643,1.649300643,1.649300643,1.649300643,1.649300643,1.649300643,1.649300643
1.632382992,1.632382992,1.632382992,1.632382992,1.632382992,1.632382992,1.632382992,1.632382992,1.632382992,1.632382992,1.632382992,1.632382992,1.632382992,1.632382992,1.632382992,1.632382992,1.632382992,1.632382992,1.632382992,1.632382992,1.632382992,1.632382992,1.632382992
1.616415972,1.616415972,1.616415972,1.616415972,1.616415972,1.616415972,1.616415972,1.616415972,1.616415972,1.616415972,1.616415972,1.616415972,1.616415972,1.616415972,1.616415972,1.616415972,1.616415972,1.616415972,1.616415972,1.616415972,1.616415972,1.616415972,1.616415972
1.610902838,1.610902838,1.610902838,1.610902838,1.610902838,1.610902838,1.610902838,1.610902838,1.610902838,1.610902838,1.610902838,1.610902838,1.610902838,1.610902838,1.610902838,1.610902838,1.610902838,1.610902838,1.610902838,1.610902838,1.610902838,1.610902838,1.610902838
1.595463869,1.595463869,1.595463869,1.595463869,1.595463869,1.595463869,1.595463869,1.595463869,1.595463869,1.595463869,1.595463869,1.595463869,1.595463869,1.595463869,1.595463869,1.595463869,1.595463869,1.595463869,1.595463869,1.595463869,1.595463869,1.595463869,1.595463869
1.72670744,1.72670744,1.72670744,1.72670744,1.72670744,1.72670744,1.72670744,1.72670744,1.72670744,1.72670744,1.72670744,1.72670744,1.72670744,1.72670744,1.72670744,1.72670744,1.72670744,1.72670744,1.72670744,1.72670744,1.72670744,1.72670744,1.72670744
1.716567392,1.716567392,1.716567392,1.716567392,1.716567392,1.716567392,1.716567392,1.716567392,1.716567392,1.716567392,1.716567392,1.716567392,1.716567392,1.716567392,1.716567392,1.716567392,1.716567392,1.716567392,1.716567392,1.716567392,1.716567392,1.716567392,1.716567392
1.695823557,1.695823557,1.695823557,1.695823557,1.695823557,1.695823557,1.695823557,1.695823557,1.695823557,1.695823557,1.695823557,1.695823557,1.695823557,1.695823557,1.695823557,1.695823557,1.695823557,1.695823557,1.695823557,1.695823557,1.695823557,1.695823557,1.695823557
1.677778319,1.677778319,1.677778319,1.677778319,1.677778319,1.677778319,1.677778319,1.677778319,1.677778319,1.677778319,1.677778319,1.677778319,1.677778319,1.677778319,1.677778319,1.677778319,1.677778319,1.677778319,1.677778319,1.677778319,1.677778319,1.677778319,1.677778319
1.66065869,1.66065869,1.66065869,1.66065869,1.66065869,1.66065869,1.66065869,1.66065869,1.66065869,1.66065869,1.66065869,1.66065869,1.66065869,1.66065869,1.66065869,1.66065869,1.66065869,1.66065869,1.66065869,1.66065869,1.66065869,1.66065869,1.66065869
1.666410927,1.666410927,1.666410927,1.666410927,1.666410927,1.666410927,1.666410927,1.666410927,1.666410927,1.666410927,1.666410927,1.666410927,1.666410927,1.666410927,1.666410927,1.666410927,1.666410927,1.666410927,1.666410927,1.666410927,1.666410927,1.666410927,1.666410927
1.646833617,1.646833617,1.646833617,1.646833617,1.646833617,1.646833617,1.646833617,1.646833617,1.646833617,1.646833617,1.646833617,1.646833617,1.646833617,1.646833617,1.646833617,1.646833617,1.646833617,1.646833617,1.646833617,1.646833617,1.646833617,1.646833617,1.646833617
1.625763993,1.625763993,1.625763993,1.625763993,1.625763993,1.625763993,1.625763993,1.625763993,1.625763993,1.625763993,1.625763993,1.625763993,1.625763993,1.625763993,1.625763993,1.625763993,1.625763993,1.625763993,1.625763993,1.625763993,1.625763993,1.625763993,1.625763993
1.612157741,1.612157741,1.612157741,1.612157741,1.612157741,1.612157741,1.612157741,1.612157741,1.612157741,1.612157741,1.612157741,1.612157741,1.612157741,1.612157741,1.612157741,1.612157741,1.612157741,1.612157741,1.612157741,1.612157741,1.612157741,1.612157741,1.612157741
1.605736682,1.605736682,1.605736682,1.605736682,1.605736682,1.605736682,1.605736682,1.605736682,1.605736682,1.605736682,1.605736682,1.605736682,1.605736682,1.605736682,1.605736682,1.605736682,1.605736682,1.605736682,1.605736682,1.605736682,1.605736682,1.605736682,1.605736682
1.673645315,1.673645315,1.673645315,1.673645315,1.673645315,1.673645315,1.673645315,1.673645315,1.673645315,1.673645315,1.673645315,1.673645315,1.673645315,1.673645315,1.673645315,1.673645315,1.673645315,1.673645315,1.673645315,1.673645315,1.673645315,1.673645315,1.673645315
1.640434857,1.640434857,1.640434857,1.640434857,1.640434857,1.640434857,1.640434857,1.640434857,1.640434857,1.640434857,1.640434857,1.640434857,1.640434857,1.640434857,1.640434857,1.640434857,1.640434857,1.640434857,1.640434857,1.640434857,1.640434857,1.640434857,1.640434857
1.613265332,1.613265332,1.613265332,1.613265332,1.613265332,1.613265332,1.613265332,1.613265332,1.613265332,1.613265332,1.613265332,1.613265332,1.613265332,1.613265332,1.613265332,1.613265332,1.613265332,1.613265332,1.613265332,1.613265332,1.613265332,1.613265332,1.613265332
1.592096432,1.592096432,1.592096432,1.592096432,1.592096432,1.592096432,1.592096432,1.592096432,1.592096432,1.592096432,1.592096432,1.592096432,1.592096432,1.592096432,1.592096432,1.592096432,1.592096432,1.592096432,1.592096432,1.592096432,1.592096432,1.592096432,1.592096432
1.586601182,1.586601182,1.586601182,1.586601182,1.586601182,1.586601182,1.586601182,1.586601182,1.586601182,1.586601182,1.586601182,1.586601182,1.586601182,1.586601182,1.586601182,1.586601182,1.586601182,1.586601182,1.586601182,1.586601182,1.586601182,1.586601182,1.586601182
1.580076649,1.580076649,1.580076649,1.580076649,1.580076649,1.580076649,1.580076649,1.580076649,1.580076649,1.580076649,1.580076649,1.580076649,1.580076649,1.580076649,1.580076649,1.580076649,1.580076649,1.580076649,1.580076649,1.580076649,1.580076649,1.580076649,1.580076649
1.564173295,1.564173295,1.564173295,1.564173295,1.564173295,1.564173295,1.564173295,1.564173295,1.564173295,1.564173295,1.564173295,1.564173295,1.564173295,1.564173295,1.564173295,1.564173295,1.564173295,1.564173295,1.564173295,1.564173295,1.564173295,1.564173295,1.564173295
1.555618272,1.555618272,1.555618272,1.555618272,1.555618272,1.555618272,1.555618272,1.555618272,1.555618272,1.555618272,1.555618272,1.555618272,1.555618272,1.555618272,1.555618272,1.555618272,1.555618272,1.555618272,1.555618272,1.555618272,1.555618272,1.555618272,1.555618272
1.540204528,1.540204528,1.540204528,1.540204528,1.540204528,1.540204528,1.540204528,1.540204528,1.540204528,1.540204528,1.540204528,1.540204528,1.540204528,1.540204528,1.540204528,1.540204528,1.540204528,1.540204528,1.540204528,1.540204528,1.540204528,1.540204528,1.540204528
1.532161302,1.532161302,1.532161302,1.532161302,1.532161302,1.532161302,1.532161302,1.532161302,1.532161302,1.532161302,1.532161302,1.532161302,1.532161302,1.532161302,1.532161302,1.532161302,1.532161302,1.532161302,1.532161302,1.532161302,1.532161302,1.532161302,1.532161302
1.53162324,1.53162324,1.53162324,1.53162324,1.53162324,1.53162324,1.53162324,1.53162324,1.53162324,1.53162324,1.53162324,1.53162324,1.53162324,1.53162324,1.53162324,1.53162324,1.53162324,1.53162324,1.53162324,1.53162324,1.53162324,1.53162324,1.53162324
1.522259595,1.522259595,1.522259595,1.522259595,1.522259595,1.522259595,1.522259595,1.522259595,1.522259595,1.522259595,1.522259595,1.522259595,1.522259595,1.522259595,1.522259595,1.522259595,1.522259595,1.522259595,1.522259595,1.522259595,1.522259595,1.522259595,1.522259595
1.506526713,1.506526713,1.506526713,1.506526713,1.506526713,1.506526713,1.506526713,1.506526713,1.506526713,1.506526713,1.506526713,1.506526713,1.506526713,1.506526713,1.506526713,1.506526713,1.506526713,1.506526713,1.506526713,1.506526713,1.506526713,1.506526713,1.506526713
1.501421956,1.501421956,1.501421956,1.501421956,1.501421956,1.501421956,1.501421956,1.501421956,1.501421956,1.501421956,1.501421956,1.501421956,1.501421956,1.501421956,1.501421956,1.501421956,1.501421956,1.501421956,1.501421956,1.501421956,1.501421956,1.501421956,1.501421956
1.496353412,1.496353412,1.496353412,1.496353412,1.496353412,1.496353412,1.496353412,1.496353412,1.496353412,1.496353412,1.496353412,1.496353412,1.496353412,1.496353412,1.496353412,1.496353412,1.496353412,1.496353412,1.496353412,1.496353412,1.496353412,1.496353412,1.496353412
1.5334262,1.5334262,1.5334262,1.5334262,1.5334262,1.5334262,1.5334262,1.5334262,1.5334262,1.5334262,1.5334262,1.5334262,1.5334262,1.5334262,1.5334262,1.5334262,1.5334262,1.5334262,1.5334262,1.5334262,1.5334262,1.5334262,1.5334262
1.523845268,1.523845268,1.523845268,1.523845268,1.523845268,1.523845268,1.523845268,1.523845268,1.523845268,1.523845268,1.523845268,1.523845268,1.523845268,1.523845268,1.523845268,1.523845268,1.523845268,1.523845268,1.523845268,1.523845268,1.523845268,1.523845268,1.523845268
1.501192099,1.501192099,1.501192099,1.501192099,1.501192099,1.501192099,1.501192099,1.501192099,1.501192099,1.501192099,1.501192099,1.501192099,1.501192099,1.501192099,1.501192099,1.501192099,1.501192099,1.501192099,1.501192099,1.501192099,1.501192099,1.501192099,1.501192099
1.492417671,1.492417671,1.492417671,1.492417671,1.492417671,1.492417671,1.492417671,1.492417671,1.492417671,1.492417671,1.492417671,1.492417671,1.492417671,1.492417671,1.492417671,1.492417671,1.492417671,1.492417671,1.492417671,1.492417671,1.492417671,1.492417671,1.492417671
1.483323852,1.483323852,1.483323852,1.483323852,1.483323852,1.483323852,1.483323852,1.483323852,1.483323852,1.483323852,1.483323852,1.483323852,1.483323852,1.483323852,1.483323852,1.483323852,1.483323852,1.483323852,1.483323852,1.483323852,1.483323852,1.483323852,1.483323852
1.480737679,1.480737679,1.480737679,1.480737679,1.480737679,1.480737679,1.480737679,1.480737679,1.480737679,1.480737679,1.480737679,1.480737679,1.480737679,1.480737679,1.480737679,1.480737679,1.480737679,1.480737679,1.480737679,1.480737679,1.480737679,1.480737679,1.480737679
1.473507781,1.473507781,1.473507781,1.473507781,1.473507781,1.473507781,1.473507781,1.473507781,1.473507781,1.473507781,1.473507781,1.473507781,1.473507781,1.473507781,1.473507781,1.473507781,1.473507781,1.473507781,1.473507781,1.473507781,1.473507781,1.473507781,1.473507781
1.468019285,1.468019285,1.468019285,1.468019285,1.468019285,1.468019285,1.468019285,1.468019285,1.468019285,1.468019285,1.468019285,1.468019285,1.468019285,1.468019285,1.468019285,1.468019285,1.468019285,1.468019285,1.468019285,1.468019285,1.468019285,1.468019285,1.468019285
1.458092356,1.458092356,1.458092356,1.458092356,1.458092356,1.458092356,1.458092356,1.458092356,1.458092356,1.458092356,1.458092356,1.458092356,1.458092356,1.458092356,1.458092356,1.458092356,1.458092356,1.458092356,1.458092356,1.458092356,1.458092356,1.458092356,1.458092356
1.447866099,1.447866099,1.447866099,1.447866099,1.447866099,1.447866099,1.447866099,1.447866099,1.447866099,1.447866099,1.447866099,1.447866099,1.447866099,1.447866099,1.447866099,1.447866099,1.447866099,1.447866099,1.447866099,1.447866099,1.447866099,1.447866099,1.447866099
1.452780878,1.452780878,1.452780878,1.452780878,1.452780878,1.452780878,1.452780878,1.452780878,1.452780878,1.452780878,1.452780878,1.452780878,1.452780878,1.452780878,1.452780878,1.452780878,1.452780878,1.452780878,1.452780878,1.452780878,1.452780878,1.452780878,1.452780878
1.442535636,1.442535636,1.442535636,1.442535636,1.442535636,1.442535636,1.442535636,1.442535636,1.442535636,1.442535636,1.442535636,1.442535636,1.442535636,1.442535636,1.442535636,1.442535636,1.442535636,1.442535636,1.442535636,1.442535636,1.442535636,1.442535636,1.442535636
1.439271288,1.439271288,1.439271288,1.439271288,1.439271288,1.439271288,1.439271288,1.439271288,1.439271288,1.439271288,1.439271288,1.439271288,1.439271288,1.439271288,1.439271288,1.439271288,1.439271288,1.439271288,1.439271288,1.439271288,1.439271288,1.439271288,1.439271288
1.428647568,1.428647568,1.428647568,1.428647568,1.428647568,1.428647568,1.428647568,1.428647568,1.428647568,1.428647568,1.428647568,1.428647568,1.428647568,1.428647568,1.428647568,1.428647568,1.428647568,1.428647568,1.428647568,1.428647568,1.428647568,1.428647568,1.428647568
1.424902675,1.424902675,1.424902675,1.424902675,1.424902675,1.424902675,1.424902675,1.424902675,1.424902675,1.424902675,1.424902675,1.424902675,1.424902675,1.424902675,1.424902675,1.424902675,1.424902675,1.424902675,1.424902675,1.424902675,1.424902675,1.424902675,1.424902675
1.469811532,1.469811532,1.469811532,1.469811532,1.469811532,1.469811532,1.469811532,1.469811532,1.469811532,1.469811532,1.469811532,1.469811532,1.469811532,1.469811532,1.469811532,1.469811532,1.469811532,1.469811532,1.469811532,1.469811532,1.469811532,1.469811532,1.469811532
1.452581965,1.452581965,1.452581965,1.452581965,1.452581965,1.452581965,1.452581965,1.452581965,1.452581965,1.452581965,1.452581965,1.452581965,1.452581965,1.452581965,1.452581965,1.452581965,1.452581965,1.452581965,1.452581965,1.452581965,1.452581965,1.452581965,1.452581965
1.442834199,1.442834199,1.442834199,1.442834199,1.442834199,1.442834199,1.442834199,1.442834199,1.442834199,1.442834199,1.442834199,1.442834199,1.442834199,1.442834199,1.442834199,1.442834199,1.442834199,1.442834199,1.442834199,1.442834199,1.442834199,1.442834199,1.442834199
1.428376059,1.428376059,1.428376059,1.428376059,1.428376059,1.428376059,1.428376059,1.428376059,1.428376059,1.428376059,1.428376059,1.428376059,1.428376059,1.428376059,1.428376059,1.428376059,1.428376059,1.428376059,1.428376059,1.428376059,1.428376059,1.428376059,1.428376059
1.415454784,1.415454784,1.415454784,1.415454784,1.415454784,1.415454784,1.415454784,1.415454784,1.415454784,1.415454784,1.415454784,1.415454784,1.415454784,1.415454784,1.415454784,1.415454784,1.415454784,1.415454784,1.415454784,1.415454784,1.415454784,1.415454784,1.415454784
1.45457667,1.45457667,1.45457667,1.45457667,1.45457667,1.45457667,1.45457667,1.45457667,1.45457667,1.45457667,1.45457667,1.45457667,1.45457667,1.45457667,1.45457667,1.45457667,1.45457667,1.45457667,1.45457667,1.45457667,1.45457667,1.45457667,1.45457667
1.428317955,1.428317955,1.428317955,1.428317955,1.428317955,1.428317955,1.428317955,1.428317955,1.428317955,1.428317955,1.428317955,1.428317955,1.428317955,1.428317955,1.428317955,1.428317955,1.428317955,1.428317955,1.428317955,1.428317955,1.428317955,1.428317955,1.428317955
1.419702688,1.419702688,1.419702688,1.419702688,1.419702688,1.419702688,1.419702688,1.419702688,1.419702688,1.419702688,1.419702688,1.419702688,1.419702688,1.419702688,1.419702688,1.419702688,1.419702688,1.419702688,1.419702688,1.419702688,1.419702688,1.419702688,1.419702688
1.415560663,1.415560663,1.415560663,1.415560663,1.415560663,1.415560663,1.415560663,1.415560663,1.415560663,1.415560663,1.415560663,1.415560663,1.415560663,1.415560663,1.415560663,1.415560663,1.415560663,1.415560663,1.415560663,1.415560663,1.415560663,1.415560663,1.415560663
1.405680035,1.405680035,1.405680035,1.405680035,1.405680035,1.405680035,1.405680035,1.405680035,1.405680035,1.405680035,1.405680035,1.405680035,1.405680035,1.405680035,1.405680035,1.405680035,1.405680035,1.405680035,1.405680035,1.405680035,1.405680035,1.405680035,1.405680035
1.408446107,1.408446107,1.408446107,1.408446107,1.408446107,1.408446107,1.408446107,1.408446107,1.408446107,1.408446107,1.408446107,1.408446107,1.408446107,1.408446107,1.408446107,1.408446107,1.408446107,1.408446107,1.408446107,1.408446107,1.408446107,1.408446107,1.408446107
1.396854778,1.396854778,1.396854778,1.396854778,1.396854778,1.396854778,1.396854778,1.396854778,1.396854778,1.396854778,1.396854778,1.396854778,1.396854778,1.396854778,1.396854778,1.396854778,1.396854778,1.396854778,1.396854778,1.396854778,1.396854778,1.396854778,1.396854778
1.393567037,1.393567037,1.393567037,1.393567037,1.393567037,1.393567037,1.393567037,1.393567037,1.393567037,1.393567037,1.393567037,1.393567037,1.393567037,1.393567037,1.393567037,1.393567037,1.393567037,1.393567037,1.393567037,1.393567037,1.393567037,1.393567037,1.393567037
1.389364429,1.389364429,1.389364429,1.389364429,1.389364429,1.389364429,1.389364429,1.389364429,1.389364429,1.389364429,1.389364429,1.389364429,1.389364429,1.389364429,1.389364429,1.389364429,1.389364429,1.389364429,1.389364429,1.389364429,1.389364429,1.389364429,1.389364429
1.378565142,1.378565142,1.378565142,1.378565142,1.378565142,1.378565142,1.378565142,1.378565142,1.378565142,1.378565142,1.378565142,1.378565142,1.378565142,1.378565142,1.378565142,1.378565142,1.378565142,1.378565142,1.378565142,1.378565142,1.378565142,1.378565142,1.378565142
1.38490111,1.38490111,1.38490111,1.38490111,1.38490111,1.38490111,1.38490111,1.38490111,1.38490111,1.38490111,1.38490111,1.38490111,1.38490111,1.38490111,1.38490111,1.38490111,1.38490111,1.38490111,1.38490111,1.38490111,1.38490111,1.38490111,1.38490111
1.370325181,1.370325181,1.370325181,1.370325181,1.370325181,1.370325181,1.370325181,1.370325181,1.370325181,1.370325181,1.370325181,1.370325181,1.370325181,1.370325181,1.370325181,1.370325181,1.370325181,1.370325181,1.370325181,1.370325181,1.370325181,1.370325181,1.370325181
1.373346439,1.373346439,1.373346439,1.373346439,1.373346439,1.373346439,1.373346439,1.373346439,1.373346439,1.373346439,1.373346439,1.373346439,1.373346439,1.373346439,1.373346439,1.373346439,1.373346439,1.373346439,1.373346439,1.373346439,1.373346439,1.373346439,1.373346439
1.367948729,1.367948729,1.367948729,1.367948729,1.367948729,1.367948729,1.367948729,1.367948729,1.367948729,1.367948729,1.367948729,1.367948729,1.367948729,1.367948729,1.367948729,1.367948729,1.367948729,1.367948729,1.367948729,1.367948729,1.367948729,1.367948729,1.367948729
1.356714109,1.356714109,1.356714109,1.356714109,1.356714109,1.356714109,1.356714109,1.356714109,1.356714109,1.356714109,1.356714109,1.356714109,1.356714109,1.356714109,1.356714109,1.356714109,1.356714109,1.356714109,1.356714109,1.356714109,1.356714109,1.356714109,1.356714109
1.460431021,1.460431021,1.460431021,1.460431021,1.460431021,1.460431021,1.460431021,1.460431021,1.460431021,1.460431021,1.460431021,1.460431021,1.460431021,1.460431021,1.460431021,1.460431021,1.460431021,1.460431021,1.460431021,1.460431021,1.460431021,1.460431021,1.460431021
1.450099894,1.450099894,1.450099894,1.450099894,1.450099894,1.450099894,1.450099894,1.450099894,1.450099894,1.450099894,1.450099894,1.450099894,1.450099894,1.450099894,1.450099894,1.450099894,1.450099894,1.450099894,1.450099894,1.450099894,1.450099894,1.450099894,1.450099894
1.43814069,1.43814069,1.43814069,1.43814069,1.43814069,1.43814069,1.43814069,1.43814069,1.43814069,1.43814069,1.43814069,1.43814069,1.43814069,1.43814069,1.43814069,1.43814069,1.43814069,1.43814069,1.43814069,1.43814069,1.43814069,1.43814069,1.43814069
1.428368198,1.428368198,1.428368198,1.428368198,1.428368198,1.428368198,1.428368198,1.428368198,1.428368198,1.428368198,1.428368198,1.428368198,1.428368198,1.428368198,1.428368198,1.428368198,1.428368198,1.428368198,1.428368198,1.428368198,1.428368198,1.428368198,1.428368198
1.414787452,1.414787452,1.414787452,1.414787452,1.414787452,1.414787452,1.414787452,1.414787452,1.414787452,1.414787452,1.414787452,1.414787452,1.414787452,1.414787452,1.414787452,1.414787452,1.414787452,1.414787452,1.414787452,1.414787452,1.414787452,1.414787452,1.414787452
1.413889163,1.413889163,1.413889163,1.413889163,1.413889163,1.413889163,1.413889163,1.413889163,1.413889163,1.413889163,1.413889163,1.413889163,1.413889163,1.413889163,1.413889163,1.413889163,1.413889163,1.413889163,1.413889163,1.413889163,1.413889163,1.413889163,1.413889163
1.398933166,1.398933166,1.398933166,1.398933166,1.398933166,1.398933166,1.398933166,1.398933166,1.398933166,1.398933166,1.398933166,1.398933166,1.398933166,1.398933166,1.398933166,1.398933166,1.398933166,1.398933166,1.398933166,1.398933166,1.398933166,1.398933166,1.398933166
1.395332258,1.395332258,1.395332258,1.395332258,1.395332258,1.395332258,1.395332258,1.395332258,1.395332258,1.395332258,1.395332258,1.395332258,1.395332258,1.395332258,1.395332258,1.395332258,1.395332258,1.395332258,1.395332258,1.395332258,1.395332258,1.395332258,1.395332258
1.39004613,1.39004613,1.39004613,1.39004613,1.39004613,1.39004613,1.39004613,1.39004613,1.39004613,1.39004613,1.39004613,1.39004613,1.39004613,1.39004613,1.39004613,1.39004613,1.39004613,1.39004613,1.39004613,1.39004613,1.39004613,1.39004613,1.39004613
1.386027145,1.386027145,1.386027145,1.386027145,1.386027145,1.386027145,1.386027145,1.386027145,1.386027145,1.386027145,1.386027145,1.386027145,1.386027145,1.386027145,1.386027145,1.386027145,1.386027145,1.386027145,1.386027145,1.386027145,1.386027145,1.386027145,1.386027145
1.38821526,1.38821526,1.38821526,1.38821526,1.38821526,1.38821526,1.38821526,1.38821526,1.38821526,1.38821526,1.38821526,1.38821526,1.38821526,1.38821526,1.38821526,1.38821526,1.38821526,1.38821526,1.38821526,1.38821526,1.38821526,1.38821526,1.38821526
1.376182656,1.376182656,1.376182656,1.376182656,1.376182656,1.376182656,1.376182656,1.376182656,1.376182656,1.376182656,1.376182656,1.376182656,1.376182656,1.376182656,1.376182656,1.376182656,1.376182656,1.376182656,1.376182656,1.376182656,1.376182656,1.376182656,1.376182656
1.36471689,1.36471689,1.36471689,1.36471689,1.36471689,1.36471689,1.36471689,1.36471689,1.36471689,1.36471689,1.36471689,1.36471689,1.36471689,1.36471689,1.36471689,1.36471689,1.36471689,1.36471689,1.36471689,1.36471689,1.36471689,1.36471689,1.36471689
1.358985474,1.358985474,1.358985474,1.358985474,1.358985474,1.358985474,1.358985474,1.358985474,1.358985474,1.358985474,1.358985474,1.358985474,1.358985474,1.358985474,1.358985474,1.358985474,1.358985474,1.358985474,1.358985474,1.358985474,1.358985474,1.358985474,1.358985474
1.346230876,1.346230876,1.346230876,1.346230876,1.346230876,1.346230876,1.346230876,1.346230876,1.346230876,1.346230876,1.346230876,1.346230876,1.346230876,1.346230876,1.346230876,1.346230876,1.346230876,1.346230876,1.346230876,1.346230876,1.346230876,1.346230876,1.346230876
1.426842782,1.426842782,1.426842782,1.426842782,1.426842782,1.426842782,1.426842782,1.426842782,1.426842782,1.426842782,1.426842782,1.426842782,1.426842782,1.426842782,1.426842782,1.426842782,1.426842782,1.426842782,1.426842782,1.426842782,1.426842782,1.426842782,1.426842782
1.406448148,1.406448148,1.406448148,1.406448148,1.406448148,1.406448148,1.406448148,1.406448148,1.406448148,1.406448148,1.406448148,1.406448148,1.406448148,1.406448148,1.406448148,1.406448148,1.406448148,1.406448148,1.406448148,1.406448148,1.406448148,1.406448148,1.406448148
1.393490749,1.393490749,1.393490749,1.393490749,1.393490749,1.393490749,1.393490749,1.393490749,1.393490749,1.393490749,1.393490749,1.393490749,1.393490749,1.393490749,1.393490749,1.393490749,1.393490749,1.393490749,1.393490749,1.393490749,1.393490749,1.393490749,1.393490749
1.388249351,1.388249351,1.388249351,1.388249351,1.388249351,1.388249351,1.388249351,1.388249351,1.388249351,1.388249351,1.388249351,1.388249351,1.388249351,1.388249351,1.388249351,1.388249351,1.388249351,1.388249351,1.388249351,1.388249351,1.388249351,1.388249351,1.388249351
1.370187834,1.370187834,1.370187834,1.370187834,1.370187834,1.370187834,1.370187834,1.370187834,1.370187834,1.370187834,1.370187834,1.370187834,1.370187834,1.370187834,1.370187834,1.370187834,1.370187834,1.370187834,1.370187834,1.370187834,1.370187834,1.370187834,1.370187834
1.379695167,1.379695167,1.379695167,1.379695167,1.379695167,1.379695167,1.379695167,1.379695167,1.379695167,1.379695167,1.379695167,1.379695167,1.379695167,1.379695167,1.379695167,1.379695167,1.379695167,1.379695167,1.379695167,1.379695167,1.379695167,1.379695167,1.379695167
1.368658632,1.368658632,1.368658632,1.368658632,1.368658632,1.368658632,1.368658632,1.368658632,1.368658632,1.368658632,1.368658632,1.368658632,1.368658632,1.368658632,1.368658632,1.368658632,1.368658632,1.368658632,1.368658632,1.368658632,1.368658632,1.368658632,1.368658632
1.362737178,1.362737178,1.362737178,1.362737178,1.362737178,1.362737178,1.362737178,1.362737178,1.362737178,1.362737178,1.362737178,1.362737178,1.362737178,1.362737178,1.362737178,1.362737178,1.362737178,1.362737178,1.362737178,1.362737178,1.362737178,1.362737178,1.362737178
1.363405113,1.363405113,1.363405113,1.363405113,1.363405113,1.363405113,1.363405113,1.363405113,1.363405113,1.363405113,1.363405113,1.363405113,1.363405113,1.363405113,1.363405113,1.363405113,1.363405113,1.363405113,1.363405113,1.363405113,1.363405113,1.363405113,1.363405113
1.351864604,1.351864604,1.351864604,1.351864604,1.351864604,1.351864604,1.351864604,1.351864604,1.351864604,1.351864604,1.351864604,1.351864604,1.351864604,1.351864604,1.351864604,1.351864604,1.351864604,1.351864604,1.351864604,1.351864604,1.351864604,1.351864604,1.351864604
1.354796973,1.354796973,1.354796973,1.354796973,1.354796973,1.354796973,1.354796973,1.354796973,1.354796973,1.354796973,1.354796973,1.354796973,1.354796973,1.354796973,1.354796973,1.354796973,1.354796973,1.354796973,1.354796973,1.354796973,1.354796973,1.354796973,1.354796973
1.341051441,1.341051441,1.341051441,1.341051441,1.341051441,1.341051441,1.341051441,1.341051441,1.341051441,1.341051441,1.341051441,1.341051441,1.341051441,1.341051441,1.341051441,1.341051441,1.341051441,1.341051441,1.341051441,1.341051441,1.341051441,1.341051441,1.341051441
