cycle,capacity_Ah,temperature_C,wind_speed_ms,voltage_V,current_A,soc_pct,battery_id
1,1.85648742081816,0.6039281084978401,-0.9731105160011936,1.564964005150036,-1.5220291327157234,100.0,B5
2,1.84632724971993,-0.11257515127430373,-0.5775021578898608,1.52392945800147,1.3603368312710478,99.45272071416716,B5
3,1.83534919422341,0.77428607630948,-0.7425933010727335,1.5456548298369357,1.6384592858446414,98.86138595081702,B5
4,1.83526252758211,1.5479607224241025,-0.7738631321577825,1.4230814120284794,-0.25574203475925095,98.85671763794144,B5
5,1.83464550821204,-0.22077541117936036,2.8877788624816985,1.494447848904861,0.5699370872090185,98.82348178817747,B5
6,1.83566166006755,-0.2207568855292017,-0.5324858297976534,1.4504924357308568,0.3046026039812181,98.87821697485931,B5
7,1.83514614292266,1.5479607224241025,1.364658008246779,1.4469399664787692,3.072521955313015,98.8504485591346,B5
8,1.82575679056655,0.9094064660944855,0.014623995555699423,1.486695924075094,1.1130116789410656,98.34468955151516,B5
9,1.82477385298913,-0.4863092580609769,0.6590198600009934,1.4639893104207982,-0.13461095256158193,98.29174345738072,B5
10,1.82461326849694,0.6556601473215004,-0.31378575448877544,1.4624199324351148,-0.9623201327749589,98.28309354731996,B5
11,1.82461955268645,-0.4794749468538509,-0.1360982955801288,1.4945989139999305,-1.6132939098041466,98.2834320462206,B5
12,1.81420193576739,-0.482083852807806,-0.3359162803404392,1.3593283030170156,0.1968048418646637,97.72228539894256,B5
13,1.81375215775491,0.3164686643445825,-0.8425176953402145,1.4003019999360593,-0.7631096595594923,97.69805803238803,B5
14,1.81344049147358,-2.1154851733052613,0.32713329755800397,1.3339289928176579,-1.4290820856225939,97.6812700769279,B5
15,1.80259800363065,-1.902938934245792,-0.7190615308430813,1.3219568816610507,-0.6533203473563316,97.0972376875163,B5
16,1.80210690024615,-0.5910386694141369,-1.0541315986954813,1.2898497117891312,-1.0883408399049255,97.07078432300692,B5
17,1.80257950082621,-1.0994274967225421,0.058171551449603696,1.3070211213319858,1.680637606667078,97.09624103091456,B5
18,1.80306831428341,0.39803439546370595,-0.8669988843205131,1.3419825189755488,0.8750517049356223,97.12257104811364,B5
19,1.8027776247196,-0.9811642883237006,2.018433817572763,1.248192065165522,-0.014653490685433897,97.10691300698984,B5
20,1.84702599493292,-1.5501883132375702,2.300235610791825,1.6564341769479365,1.4734184972745117,99.49035873989006,B5
21,1.84741731128364,1.5479607224241025,1.625556886890787,1.455895430361295,0.07069636037408901,99.51143705942684,B5
22,1.83617742134789,-0.21132280541221096,-0.5732488709758425,1.3869045292735005,-0.868054061434682,98.9059985409802,B5
23,1.82578074757762,0.11963902908648268,-1.0640632128585847,1.4906911957002342,1.5166029398450471,98.3459799998533,B5
24,1.82511364350784,-1.5642305439977784,1.8145535808225448,1.4634580747100776,0.5322862408079522,98.31004632950902,B5
25,1.82558150422038,-0.5708350690243161,-0.46705552469447265,1.4548154068921944,-1.0440343693971799,98.3352477236738,B5
26,1.81403112750839,0.16860481386112253,2.6554330250851406,1.3981736935212914,-0.1970385504402837,97.7130847840025,B5
27,1.81476919411589,-1.2553286146731644,2.5597263443850484,1.3599508527362156,-0.8823896087065296,97.7528408631024,B5
28,1.81396938871035,0.4673747271952487,1.0255146064446927,1.2981782375245101,-1.389623991461116,97.7097592135005,B5
29,1.80276566516782,-0.6343137308917625,-0.6979673187167378,1.3065537353984236,0.9195941413491577,97.10626880376788,B5
30,1.80407704011735,-0.2857033879234035,-0.5468743367059115,1.2638128941565003,1.9029357980416137,97.17690623092332,B5
31,1.85180255167045,-0.6355187636163889,1.0116042676557664,1.606963547138113,-1.4053934790930316,99.7476487534914,B5
32,1.83070384567394,1.5479607224241025,-0.6624012076131813,1.4296642086799938,0.5563479434792867,98.61116348782708,B5
33,1.81990410895013,0.028210754747917947,-0.8771236425009881,1.3321123138974242,-0.6573904567530885,98.0294338944722,B5
34,1.80930796370285,-1.15006941844986,-0.1871002048956831,1.3128381760532086,-0.49385621457174483,97.4586707894569,B5
35,1.80460990458052,0.971592238651698,1.9417537166028005,1.3376715169839541,-0.5991357358305136,97.20560906279788,B5
36,1.79937706519722,-1.3341467294404112,0.22721884376047943,1.2480650172653365,-0.8707609121141169,96.92374130950095,B5
37,1.78844323353705,0.279120452772845,-0.15372586370882865,1.1772938161386268,0.04184667161298976,96.33478867036315,B5
38,1.78292304842527,-2.1678310434116406,-0.9688571778746883,1.2197438555279236,-0.8377168123047566,96.03744299218198,B5
39,1.77303371580183,-1.4552708057561663,-0.03240573606723811,1.1710948906207963,0.2638050199789278,95.50475246530074,B5
40,1.77303775507894,0.2655771122248468,3.313746647199875,1.1219808114016139,-0.056923367618524796,95.50497004162604,B5
41,1.76787211066621,0.8767190998315855,-0.9153573263707703,1.0988718195717169,-0.24565298976937947,95.22672175646107,B5
42,1.76231507040931,0.23681112023168915,-0.2785604288098937,1.1174316000974778,-0.9143383496566626,94.92739086983158,B5
43,1.76761729249384,-0.08705546462302792,1.2246284708222295,1.033770481874353,-0.5835115125341164,95.21299593373196,B5
44,1.76266835974315,-0.296321475502142,0.40214636916424185,1.0120375498604242,0.7487900045600346,94.94642085785512,B5
45,1.75173048706641,-1.6249083602494794,0.23078843222544526,1.0031623854085927,0.49428942163232353,94.3572505486957,B5
46,1.741849604796,-0.7688240312149237,0.2507997689854874,0.987470791632732,-0.9843372333839742,93.82501520146909,B5
47,1.73609135118471,-0.4763392395664942,-0.5917021224553268,0.9933595875853469,0.09266264926685942,93.51484592443988,B5
48,1.79362401485736,1.2362869052588055,-0.6993011608138752,1.3529601172529573,0.7447854844296559,96.61385230754236,B5
49,1.78318902232733,0.43117628598818325,0.7398307270569567,1.261174907149305,-1.6762594380506084,96.05176972012408,B5
50,1.7673642076279,-1.9459557774346934,0.7441747719626428,1.1166979770229126,0.5367368537076712,95.19936347583852,B5
51,1.75701778503531,0.4091339568513838,1.1360063539229475,1.07492161961251,-0.6693728963604146,94.64205172265515,B5
52,1.74687061798379,-0.3910820605004045,1.6047975427991328,0.9606502552143937,0.5639781712240833,94.09547290193534,B5
53,1.74171725074571,-0.7203910461118225,-0.2943844535319286,0.9995566562496537,-0.7700187914487282,93.8178859288004,B5
54,1.73642250564782,0.7336502187989852,-0.3162589402022301,0.9558124418838387,-1.8117503894679734,93.53268361401408,B5
55,1.72632172392358,1.2068103108196049,0.6778352812614917,0.9459887015804521,-1.6343922280104841,92.98860334657071,B5
56,1.71580653893301,1.0942879455117565,0.07218069243113172,0.8190279408105025,0.04140994477839205,92.42220117908737,B5
57,1.71053335113519,-0.9035236712431007,0.24889137414043236,0.8810356675844401,0.25306957620047105,92.13816005181184,B5
58,1.70601449964852,-0.30547122822501394,0.6642874219962419,0.9249884327873917,-0.911090974014167,91.89475137389694,B5
59,1.70031102726426,0.41723518910392815,1.3440768650700574,0.7896181921403126,0.6319790539846818,91.58753289666392,B5
60,1.69457986017979,1.1442361324484165,-0.6279711709818745,0.794733282065404,-1.6683733966743044,91.278822639853,B5
61,1.68490290866093,-0.4972544727643847,-0.5637455131280613,0.7658950624084276,-0.07276670929688434,90.75757205607069,B5
62,1.67447415911597,-0.16605482332087523,-0.9727380705541677,0.6431885113204605,-1.2178225411549584,90.1958257480691,B5
63,1.67456924798791,-1.2049362986601226,-0.13251849284314168,0.684518531584779,-0.6585841199339713,90.20094772578216,B5
64,1.66371637598141,-1.3063465588279188,-1.0409604221181612,0.6172172483680763,0.040723597846589174,89.61635599169342,B5
65,1.65901386874825,0.9602867992479533,-0.39270583864617753,0.5996041192118664,-0.8671831345516158,89.3630546668136,B5
66,1.6538540573335,1.5479607224241025,-0.2216469604834325,0.5172821660941394,-0.3912756757594909,89.08512057704336,B5
67,1.64265378213013,-0.03781460571926479,-0.7102131270246217,0.5142039594831941,0.9997177600247221,88.48181591266624,B5
68,1.63785784302237,1.1758172496629222,-0.09931647759266779,0.5215109324250715,-0.5836320640626019,88.22348186450736,B5
69,1.63273504070991,0.4515073163082008,-1.047145226793682,0.5585506731497321,0.8290992671550809,87.9475412761137,B5
70,1.62775289155336,-0.6845057139991587,-1.0393569390940647,0.5018579670470128,-1.1365047144999847,87.67917699307674,B5
71,1.62212548552116,0.4512360293339248,0.8189139575069326,0.5521441422786068,0.5231794251864117,87.37605584239746,B5
72,1.61132566037658,1.5479607224241025,-0.590501558674119,0.3080811106855066,1.4350389760107352,86.79432148624328,B5
73,1.60656313974884,0.003015146646545472,-0.9318729555173507,0.3917574852394222,-2.47858234032998,86.53778753000235,B5
74,1.60151422339176,1.5479607224241025,-0.2695966896858818,0.3218557668507413,-0.8036583990294668,86.26582682073696,B5
75,1.59036923140033,-2.2133388673638006,0.5335696748940457,0.398048941938417,0.5704523050716558,85.66549999565572,B5
76,1.58578899682422,0.9708673522745953,-0.8140571400622175,0.17956581797611165,-0.20974658386330935,85.41878490754101,B5
77,1.58494307073741,0.14166391712588272,-0.009674190916631404,0.17334388014965058,0.36450457065838243,85.37321895986348,B5
78,1.59552638924959,-0.29395598088631053,-0.9831595480056962,0.24120071554812086,-0.610728207416623,85.94329115068477,B5
79,1.5747301747801,0.14698281785142173,-1.0228742155401735,0.039101765773730715,0.07991880211147599,84.82309964083198,B5
80,1.56490199509379,-2.1993117564401157,-0.24844023164074355,0.09510199196208641,-0.16237349214019528,84.29370312695858,B5
81,1.55976594733704,-0.20443464797440833,-0.22646395555125265,0.0545424225463235,1.1612238577563254,84.0170490705316,B5
82,1.55948156681842,0.4464030971295119,0.033525538503626766,0.1125745946082423,0.24776736475297922,84.00173086716373,B5
83,1.55468935359061,1.5479607224241025,0.3416351879419362,0.10146424348880152,0.3309578603988054,83.74359751414062,B5
84,1.54887410798904,-0.5413699813086451,3.010010083876348,0.1730751682118194,-0.4185999476075668,83.43035835418945,B5
85,1.53823659894256,-0.868855110563547,-0.2831797212012594,0.06016226425573784,-0.4943371050370122,82.8573671813329,B5
86,1.52791425825103,-0.5227366821533723,-0.6526516345825165,-0.09050818645543367,-0.43928332660679376,82.30135260370756,B5
87,1.52852526297564,1.0763713694500787,0.6610291396180178,-0.10850660892687553,0.3878132707916959,82.33426447360543,B5
88,1.52264732528438,0.414400310680528,-0.7341426098203532,-0.04661967662603701,-0.4277084123295236,82.01764839394087,B5
89,1.51748599384899,-0.5543351646255332,-0.44613001790691054,-0.19046980114117654,0.2831250662002761,81.73963242800907,B5
90,1.60581889913066,0.6226066621951678,-0.991406471662008,0.4507654672251766,2.0689372703763027,86.4976988868026,B5
91,1.56384914467444,0.1529822104710615,-1.0529657036572015,0.2013407429567259,0.864535554570345,84.23699116610479,B5
92,1.54809152477678,1.1364500881713833,2.530768673897438,0.01596071786362621,-0.33273755809925976,83.38820438085871,B5
93,1.53237556318686,-0.7487487176941238,0.9050723695149568,-0.14277148130262315,1.1946592056086947,82.54166152720481,B5
94,1.52695282684897,-0.3262897627672254,0.22701792430936615,0.030921773918442395,-0.4147979579544146,82.24956494324303,B5
95,1.51695730171363,-0.3990099841496054,-0.5034000532153373,-0.11428834479454503,-2.0450171539940625,81.71115433925762,B5
96,1.51189759601427,-1.6079745657084006,-0.872082751428358,-0.05085101032519943,-1.0148714842630517,81.43861246029729,B5
97,1.50656389606811,0.37758000950420284,-0.8942615154534019,-0.2622090149864369,-1.8776670850223822,81.15131183620746,B5
98,1.50154535266714,0.33801301295759617,-0.7647373058139005,-0.2219170497357295,-0.35823016888363857,80.88098717121413,B5
99,1.49084440504002,0.04921085922044605,-0.2057196829529169,-0.2351399188628539,0.011740282724024834,80.3045788687865,B5
100,1.4858683845612,-0.22126486005109527,0.29646494374033006,-0.2569333865041945,1.669932167279195,80.03654470798261,B5
101,1.48041367797611,-1.5536491309326645,0.10478145035786315,-0.3162928081539995,0.32028145852581147,79.74272604140171,B5
102,1.47520958690316,-0.4312110374801229,-0.7203416703304859,-0.27182719477429623,-0.2258034013751553,79.46240682056603,B5
103,1.4859035988304,-0.3432747046190073,2.322804744372865,-0.32959411633405505,0.8228120805120628,80.03844153037984,B5
104,1.49609182981367,-0.8618406625768894,0.3900418185620373,-0.2189282293951696,-2.218045974944643,80.58723226653146,B5
105,1.4808005946929,-0.13855227782946106,-0.1931503798507143,-0.2771155821704096,0.2289591178368572,79.76356737393385,B5
106,1.46975432684668,0.499367783105933,-0.04174521951723592,-0.30579376367893646,0.7642655867436576,79.16855834115776,B5
107,1.45390122748459,1.5479607224241025,-0.48342707300616866,-0.3710299414383613,-1.4854204979710213,78.31462853886998,B5
108,1.45414620672357,0.24043272324608167,-0.76841222888779,-0.4898140249398342,1.1371933328899055,78.32782438583521,B5
109,1.45502375190668,0.3340581402015165,-0.5977212064605676,-0.5122468590382647,0.33185169904649797,78.37509350133092,B5
110,1.44904216376124,-0.04056313122085937,0.4770222686909021,-0.35798474233963645,-0.42201125118909266,78.05289427291903,B5
111,1.43867093714806,-2.121681128991394,-1.0652490028334074,-0.4708672686384213,0.626167855198354,77.49424644709055,B5
112,1.43344543215698,0.013522897853694113,-0.9456165995817696,-0.5672430122232712,2.2642497008639135,77.21277376203584,B5
113,1.43339589008381,0.11140404569214925,-1.029434431258724,-0.41721591620624054,0.17520520818736168,77.21010517012324,B5
114,1.42806487344776,1.5479607224241025,-1.0354916544720383,-0.5372881624353942,0.2415664609901467,76.92294908297342,B5
115,1.42292031817412,-0.17361727886779196,1.0439908898082753,-0.49313641607834596,-0.46608883417508823,76.64583676775113,B5
116,1.41742903273131,0.3837038550152569,0.25514311471229123,-0.5928461558834985,-0.8566130362580977,76.35004777498811,B5
117,1.41240922879445,0.004272476962996903,-0.37493095259935005,-0.4873339526292007,0.8237424129076438,76.07965521102193,B5
118,1.41257879294019,-1.2752835805388008,-0.9680565092050436,-0.5064553810871352,-0.8628531435531009,76.0887888115968,B5
119,1.40759837314699,1.3329905815396235,-0.3378670420787305,-0.6619703361158056,0.06489368471959849,75.82051768100087,B5
120,1.43339204852215,0.8919145087267625,-0.37639694835237636,-0.4551079090215397,-0.48438728995158614,77.20989824377315,B5
121,1.43825501767929,0.9360333278855836,-0.8722056152325856,-0.45245961674581675,0.4723497714216167,77.47184287655698,B5
122,1.41735471744855,-0.9827027116943742,-0.45611122249599806,-0.5081903680523219,0.327016892562717,76.34604477006998,B5
123,1.40698166367764,1.5479607224241025,-0.5226531543712943,-0.7117941332451293,1.030968154523076,75.7872985240901,B5
124,1.40120377835876,-1.53839366171836,-0.029997627594928154,-0.6323824194709041,-0.5167496174721009,75.47607178190547,B5
125,1.39670082327263,0.7056444903614659,0.026468483962442495,-0.6302391074144865,-0.2765831042456306,75.23351936621792,B5
126,1.39128478885273,1.5479607224241025,-1.0302387607180699,-0.8410174278718401,-0.9855458304259005,74.94178378217,B5
127,1.38622876779783,-1.0742702755062814,-0.5654516055688397,-0.8283273013179774,-0.45101962297354564,74.669440377189,B5
128,1.38043667619741,-0.5955637389068756,-0.0009883068395167226,-0.9128036206357204,0.37065983233334915,74.35744841131469,B5
129,1.37523641502562,0.15588647809672526,-0.31268248739943155,-0.8227791450558287,0.7503875620068521,74.07733548873435,B5
130,1.3705128024895,-0.5246759448796923,1.0518428845611463,-0.7815633530563832,-0.9289415349230181,73.82289732324232,B5
131,1.37050855662704,-1.7063120316415017,0.09992990826741549,-0.7303000920430861,0.8630166128168051,73.8226686191632,B5
132,1.36473551086815,0.12080665321270398,-0.8857659853978943,-0.8520790924983955,1.3490992505378665,73.5117025606727,B5
133,1.37539201689576,-1.1552518702915076,-1.0007706643119505,-0.6979849845317083,0.4067980117691192,74.0857170090396,B5
134,1.38611151515354,0.5778377910313705,0.04875032710977345,-0.8417679157268462,1.8703115673818453,74.66312454423613,B5
135,1.36985000358389,-0.9940281120104549,-1.051656605844695,-0.9430262334744737,-0.7805499324208458,73.78719555127353,B5
136,1.36478279492608,1.5479607224241025,-0.11281455882008908,-0.8603176504797682,-1.2514645536075313,73.51424952422332,B5
137,1.354322046626,-0.8403741996403487,2.0142282127444635,-0.8831392536828802,-1.785585808709522,72.95077959801881,B5
138,1.3546417018379,-0.3199700681283229,-0.13980481839820655,-0.9087974993827496,1.4895203493167994,72.96799787853693,B5
139,1.35470392131924,0.9614054793023213,-0.5413710552525094,-1.0414526553676147,0.6477538968970407,72.97134934112387,B5
140,1.34931499750346,-1.3454539480373409,0.05142355212457391,-0.9387335294648893,-0.06227048679100234,72.68107407422197,B5
141,1.34418919379706,0.3001043741248472,-0.40770459100765155,-1.0434101436417065,0.2733178127149823,72.40497181525052,B5
142,1.33899137906958,1.5184075381519597,-0.2144834798353095,-0.9400224173581195,-1.132286467172317,72.12499067079496,B5
143,1.3389145230207,-1.770426922714881,2.037160592467518,-0.9602057162013169,2.439327083464415,72.12085080709224,B5
144,1.33400667597617,0.2517798634164945,-0.5450772570319407,-1.0697631354911332,0.12255464358492893,71.85648881952935,B5
145,1.32864443091749,0.3366900007288006,2.488700382561226,-1.0683490979407992,0.10272618808210633,71.5676506082628,B5
146,1.32317089922762,0.9256419005797835,1.5091642155148957,-1.1309575128795968,0.7191623124279519,71.27281792431937,B5
147,1.31816915884452,-1.3523217739151308,-0.8417690576216095,-1.0904859175090842,0.4743793891035769,71.00339835664485,B5
148,1.31846644366403,-1.4465489886290435,-1.0021971262130596,-1.0225108217705785,0.21722736037057466,71.01941165230076,B5
149,1.3182930401027,0.6323944655033682,-0.9644653971544498,-1.1501925014798948,-0.7972369292370395,71.0100712409742,B5
150,1.32387242224427,0.3785553853905238,-1.0609729514859765,-1.0253484088441167,0.4648375192740044,71.3106055768929,B5
151,1.36012167665548,0.3260944830841653,-0.9721788465794553,-0.9143068661244347,1.8755407967139126,73.26317762261324,B5
152,1.33953068679474,0.43436953898806097,0.18112626953598507,-1.0329357083314588,1.338880372046197,72.15404057003546,B5
153,1.32902865651207,-0.7238921253867017,-1.000037601026947,-1.039870740718885,1.5866727975878243,71.58834698305483,B5
154,1.3236741274999,0.30551360726646104,-0.6590929751058856,-1.1269112969656632,-0.517949020147725,71.29992439790152,B5
155,1.31863389675329,0.3741408985878808,0.9663358658325893,-1.120278522735023,-0.9963880657607612,71.0284315404714,B5
156,1.31347513213243,-0.762626022167154,-1.0553066675238207,-1.1877973325345923,-0.13248005892561546,70.75055383642606,B5
157,1.31320206344422,1.5479607224241025,0.7696678726785076,-0.9824808060899933,0.04905070734671487,70.7358449466621,B5
158,1.30779599469444,0.5781091578249937,-0.7174067333306687,-1.1352025836882356,1.0876256381819165,70.44464616507285,B5
159,1.30303291864059,-1.3008139200934241,-0.9430129057404066,-1.2067023192718729,-1.6993211920135833,70.18808229071324,B5
160,1.30335735590382,0.7842893321573972,0.22977867964711216,-1.1453969430610391,1.523029852370949,70.2055581572121,B5
161,1.30341004386556,-1.0563800434110027,0.008102795405529982,-1.1664600930855524,-0.1647043984435225,70.20839620292946,B5
162,1.29788708064957,0.9315791856643993,1.2255153405512305,-1.2007753480100292,-0.43360561654239277,69.91090088170847,B5
163,1.29807350569189,1.3507884093241291,0.37825921530896195,-1.145284212424433,-1.0188899677386225,69.92094269724836,B5
164,1.29346361384424,-0.8826087336998,0.7064526975496992,-1.1586340940280415,-1.661709311198738,69.67263011532856,B5
165,1.28800339261912,1.130504758430376,-0.7171316159970955,-1.2697066188249617,0.8165764329047129,69.37851440175622,B5
166,1.28745252213794,0.5092187058564983,-0.866559693061084,-1.2753824655425805,0.06664559741527314,69.34884167276262,B5
167,1.30901536423074,0.9710452492794177,0.4446916042484849,-1.1494715175067303,-1.2967754760225554,70.51032770552534,B5
168,1.32507932864294,1.5479607224241025,0.7253655736705581,-1.2027586320533896,-1.3018938822012291,71.37561578838888,B5
1,2.0353375910056,-0.3354551690001622,-0.6248468121806614,1.668629919105942,0.07196337519377774,100.0,B6
2,2.02514024603141,1.5479607224241025,0.3363347701120381,1.5161985829651285,-2.005089138806826,99.49898508143052,B6
3,2.01332637134546,-0.24947936650998406,-1.0069153198711083,1.4311145380819728,0.9097432410588807,98.91854698908868,B6
4,2.01328466554074,-1.6526904053777731,-0.6650226156660966,1.5901322324142426,0.3398446011196705,98.91649790372296,B6
5,2.00052833762477,-0.23385309933296775,-0.22919642147455127,1.3152487910292479,0.9914341966840087,98.28975529491242,B6
6,2.01389907599316,-0.26429762879628094,0.6373441778039538,1.3262862886153095,-2.903237510457124,98.94668505572838,B6
7,2.01310110562697,-2.2133388673638006,-0.6594528988791265,1.4951348613546256,2.081912529847241,98.90747925666504,B6
8,1.96878982627284,-0.017824891239372014,-0.0008959127463581879,1.2344056501836078,-0.14628420677087714,96.73038197560726,B6
9,1.96816617643342,-0.21714329961358778,1.304564490948513,1.197676455157619,1.1016183959104617,96.69974087497728,B6
10,1.95723079175605,0.8290331008230722,-0.029960187052982784,1.2615454000547923,-1.0466944196427925,96.16246466459847,B6
11,1.94559915141294,1.5479607224241025,-0.7897777721583795,1.1789071398063473,0.606157807081814,95.5909800914981,B6
12,1.93475050448411,1.314645461561155,-1.0540360830583595,1.0773535749220604,-1.0602054649096917,95.05796547137948,B6
13,1.9232799539368,-0.25997038993580696,1.1613119362658895,0.9789938506896642,-0.6305140450840072,94.49439554578088,B6
14,1.91188993094849,-1.205151747482979,-1.0575570219435686,1.068471752254201,1.9075509928088057,93.93478209204017,B6
15,1.90106671419793,1.5479607224241025,1.2009498542890995,1.0053003817944215,-0.197382308974463,93.40301690485995,B6
16,1.88919899480615,0.11026236797891326,-0.2540934459992158,0.90298918396501,0.21077553633791896,92.81993331989474,B6
17,1.87827837224885,0.0591585584964023,1.993062678906436,0.9810537390694166,0.8634784715723359,92.28338240050137,B6
18,1.86756971615202,0.01621838243380571,0.6804970574727215,0.7423258551323463,0.48905357587534454,91.75724579573595,B6
19,1.86758925744538,0.2669577253347523,3.313746647199875,0.7126526681370535,0.14375457793271484,91.75820589657852,B6
20,1.97962654825082,-0.11945394093640094,-0.6066599485439162,1.2707081539015348,0.3583190545963051,97.26281070025072,B6
21,1.9575499080884,-0.6038735148377172,0.5202501056424467,1.2137129427752253,2.3969862728868283,96.17814345585944,B6
22,1.94581501707876,-0.5736292068988587,-0.5163767749145397,1.1798472655634489,-0.06430482509813863,95.60158598148772,B6
23,1.92424611216801,0.006482427960644405,-0.36295180416099554,1.0512350443680643,0.1944400060571005,94.54186473396273,B6
24,1.94598113314216,-0.569754124114863,0.0038548049094602236,1.1876980271152586,1.0440839742690495,95.60974757905926,B6
25,1.90140793055308,-0.7609270784807544,1.1920021134899952,0.8825637157302219,1.098961234985751,93.4197815121987,B6
26,1.87867421368009,0.16353567803651148,3.313746647199875,0.9565070237545762,1.1804741094820212,92.30283084153584,B6
27,1.86830613282642,-0.24427282447815674,0.5253832147497086,0.8101929820099673,0.6321168316068693,91.79342734506,B6
28,1.8560244070083,1.5479607224241025,-0.48689211103327573,0.8333679709963314,-1.1498041597214754,91.19000283836418,B6
29,1.84519979618558,-2.2133388673638006,-0.4800960380639286,0.7340990299446343,1.6269219012809373,90.65816915777206,B6
30,1.85722889088532,1.2750861688249373,0.38872374875636034,0.7956183087445006,-1.1531449884622604,91.24918141799355,B6
31,1.92477608890906,1.4495108035235746,-0.7814126066806016,1.1066126593521537,0.2959870160602113,94.5679034974284,B6
32,1.88223175260926,-2.2133388673638006,-0.9525536841983838,0.9074094896419219,-0.7610345478578269,92.47761948322808,B6
33,1.85527668788559,-0.34324432560300083,-0.6000228262631571,0.7989958865657251,-0.07082505472558076,91.15326597829664,B6
34,1.83925089171819,-0.37568922656118897,-0.7091380776793043,0.7718187132004701,0.32211668648168273,90.36588818710268,B6
35,1.81853960739944,-1.5447810614802038,-0.6950681826568182,0.604713712336024,0.31471071917690124,89.34830346748292,B6
36,1.81347700595671,-0.8342395898807825,-0.7888487695922671,0.6154469393299268,0.4152847479578132,89.09956824708989,B6
37,1.79710184503054,-1.2097216550847516,-1.0339277983475001,0.48965019540987315,1.6071995809760269,88.29502550201734,B6
38,1.78100462941205,1.5479607224241025,-1.0613622155164137,0.5172659881004739,0.44690159291263576,87.50413873759922,B6
39,1.77101304226823,1.0992509134046249,3.313746647199875,0.33405150600879263,-0.2508621215125187,87.01323309187372,B6
40,1.76047124481709,1.478250783667215,-0.4678449962622189,0.4485512726696911,0.9575077165387733,86.4952945691576,B6
41,1.75029137880066,0.8577683380431043,-0.548251271855289,0.28248742190165593,1.182914547386975,85.99513842496727,B6
42,1.73949250377326,-1.2305697026696603,0.16954319825781455,0.14307822625776026,-1.2344158872360678,85.46456919285946,B6
43,1.75467665536372,-0.5484224722091288,-0.8106431045149952,0.31319345148100447,0.5907823681917624,86.21059538809904,B6
44,1.76593909418422,0.5956461874287033,2.209473639433173,0.3109407884459266,0.6945658654002338,86.76394038945261,B6
45,1.73378874196248,-1.33559576136716,0.6145954393506063,0.2658682923488449,-0.3042745605654777,85.18433254632055,B6
46,1.71332591204073,0.8479810973869883,-0.9782673264778894,0.07631405564726394,1.3691702984797198,84.17895486292406,B6
47,1.70240778136735,-0.22773985994340024,-0.4872430672947228,0.04072950594109719,-0.15675125737458506,83.64252637451857,B6
48,1.82371946178183,-0.3795031183951392,1.2403780391303023,0.49168104653460193,0.11890953489189289,89.60279954740993,B6
49,1.80812840503147,0.8456809175367686,2.100265627141852,0.5155196987344323,-0.17976989549842523,88.83678132914193,B6
50,1.77576109450343,0.5447431098840185,-0.38899158311635923,0.2412023613017527,0.008900654939245562,87.24651391251899,B6
51,1.74474098418368,-0.36386968091784,-0.03695068521250844,0.15666273796936386,-1.103069459399006,85.7224369998323,B6
52,1.72920703413237,1.351616900655793,-0.8803717416370671,0.24003194761463606,-1.446881115080054,84.95922454210752,B6
53,1.70810865525532,-1.1764200286819329,3.313746647199875,0.14685833618489,1.587991371702311,83.92262113192702,B6
54,1.69759542374618,0.738456390229509,-0.7916208696615246,0.0760569393482603,-0.8537297143775889,83.40608610817472,B6
55,1.68206345240295,0.7126903419986916,2.0612032340186586,-0.08474515767412469,-0.9981757814194485,82.64297086813457,B6
56,1.67147683222951,-0.3058481820546617,0.0711852249444576,-0.07225972403031278,-2.1602947560167376,82.12283011997448,B6
57,1.66075913870477,0.4114460873416115,-0.05296134224988156,-0.11755101624000079,-0.645708416869523,81.59624948921805,B6
58,1.65112101503807,-1.3683030079818908,-0.29135358607400574,-0.2363308134350783,-1.3299078254341228,81.12271017518523,B6
59,1.64013492561909,1.086103620997698,-0.7930526670156426,-0.11177633531831209,1.6355064244926254,80.58294274458655,B6
60,1.62919994161654,-0.16520081247723162,-0.8677765665460554,-0.20183530642452166,1.003242407778046,80.04568622012235,B6
61,1.60884963029617,-0.5463944782863468,-0.8075011256363038,-0.3650761417134891,-0.6949021453246101,79.04583678923186,B6
62,1.60352448989692,1.2271322777561477,-0.8544734648626239,-0.3728155389798056,2.245990743971984,78.78420253146633,B6
63,1.5989712144028,-0.7513334037835121,0.5803677356283884,-0.38142145665895205,0.9751878793049054,78.56049146190021,B6
64,1.58762731235756,-1.5458525823643772,-0.6076520762785956,-0.5794449920291582,-0.33154528508448755,78.00314401765459,B6
65,1.58297197446862,-1.713043715039262,-1.0157127812425213,-0.48310327036413414,-2.506346450907418,77.77441842886222,B6
66,1.56713763671356,0.727256380930065,2.7392027159796415,-0.5826877478554411,2.284501527940935,76.9964473529565,B6
67,1.56134461397139,-1.4013826329800554,1.2836438905696481,-0.629612861647115,-1.3963974337388005,76.71182514739364,B6
68,1.55117118927904,1.5479607224241025,1.8059077703333386,-0.6282573210614245,-1.652250399713662,76.21198547768444,B6
69,1.54067416062952,-2.2133388673638006,3.313746647199875,-0.5395995456329205,1.0159970807732583,75.69624653118692,B6
70,1.52531387446244,1.5479607224241025,-0.8712837975095316,-0.6842351871449874,2.4333268843586553,74.94156650980084,B6
71,1.53015703180674,0.28155086035712873,-0.5267786263131892,-0.7416665696844157,1.377737197216778,75.17952002501632,B6
72,1.52465668344741,-0.06568920989262515,0.47880400180604116,-0.6916496071511493,0.5572879248823004,74.90927746753412,B6
73,1.51454929866554,-0.5714402947956875,0.22718566719946734,-0.6830540714579972,0.5881363640256758,74.41268246400568,B6
74,1.50939150460208,0.493822037463535,-0.8975663418005342,-0.7372581611903156,0.8468245626405404,74.15927024942994,B6
75,1.50399743330507,0.0009742692712297216,0.7777792528815014,-0.8180274413387401,0.752327737510975,73.89424928578995,B6
76,1.49352019180402,1.2883955613812303,-0.8019132325403086,-0.9112913178128785,0.27454073791715683,73.3794825194633,B6
77,1.48763230244974,0.1723342089254315,-0.8027954184710001,-0.8498557729151244,0.09753195566420336,73.09019933714018,B6
78,1.53028762144017,0.21303987262822954,-0.23518508943056735,-0.6780430387283906,-0.06927967484706989,75.18593614163535,B6
79,1.50407600883601,-0.36685545288361365,-0.09364483324220393,-0.7630739169819505,-0.7607232542368327,73.8981098508032,B6
80,1.48875936087309,-0.020815978833739233,-0.1278029371220601,-0.8489100382413824,-0.28738437240469294,73.14557385723603,B6
81,1.47827792855466,0.39076128662985027,-0.975759731255698,-0.8689437421664123,-1.69981342783496,72.63060118809511,B6
82,1.47845998221568,-1.886295815621338,1.2254153529326801,-0.9716843498568493,-0.10502990253537255,72.63954583009577,B6
83,1.47321484489997,-1.4778378960283327,-0.7419985031018371,-0.8741989079377935,-0.9953742469105348,72.381842275713,B6
84,1.46751649350679,0.8821325660944564,-0.9287793460944124,-0.972985335496095,-1.1103844526824462,72.10187145326262,B6
85,1.45162926575213,0.23624371721080686,1.3315893688312086,-0.9216979534306041,0.17323289856800836,71.32130179126318,B6
86,1.45192377209672,-0.16416404775640195,2.342112589062554,-1.1010187370911102,1.3854674713280377,71.33577144710266,B6
87,1.44714846947777,0.06424154997205361,1.0958771023174037,-0.9640096856766094,0.911732379828355,71.101151763368,B6
88,1.44685381056599,0.4356485642473321,0.7407239543613359,-1.0658390886270512,-1.5773444435958548,71.08667461161282,B6
89,1.44167419302847,-0.5656184727305513,0.08887418525963864,-1.1446201865211862,-0.9964113845046905,70.83219016832393,B6
90,1.59358665931001,-0.8347902868067697,-0.20173773435944797,-0.45086051510925856,0.9341893040993038,78.29593804744037,B6
91,1.54639023769156,0.2644306898071874,-0.9811885693722274,-0.6523112365756026,-0.9892698966066241,75.97708824940113,B6
92,1.51470559175661,-1.060545051621976,-0.504328639978933,-0.7460758992602972,-0.2313365996827606,74.42036144029741,B6
93,1.49897860833354,0.5041091632885281,-0.5688268268000285,-0.8103175142059392,0.5434294583992548,73.647664886538,B6
94,1.48311107454105,-1.8777372171508773,-0.7507104249838296,-0.9532922460688001,-0.9751254826520378,72.8680628262896,B6
95,1.47296648254683,1.2047296894591946,0.3309720195785224,-0.9629925945268474,0.09870648036267411,72.36963976177931,B6
96,1.46276043960993,0.5767151015294338,-0.32862174776361286,-0.8672870698608148,-1.3408446676710346,71.86819749578856,B6
97,1.45183646810625,0.3323422469034262,-0.9883143356597905,-0.9434884431684704,-0.6081103916105826,71.33148203630144,B6
98,1.44686706440304,1.1522994449497017,-0.8079281337506233,-1.0502002855722699,0.31313527354823073,71.08732579778993,B6
99,1.44138039942778,1.5479607224241025,0.18200004110685958,-1.100890070738686,-1.5998399198104063,70.81775553094543,B6
100,1.43121074496077,1.1880457993426872,-0.9941756353136094,-1.141240209933227,0.43384066708829394,70.31810109956507,B6
101,1.42602471795257,-2.0337829608387064,1.0121228364828165,-1.1323030539223917,-0.02631986511281301,70.0633017468131,B6
102,1.4204876499662,-1.4004208095165713,-0.3302098974802128,-1.2641165954068228,0.5458675680897147,69.79125508434102,B6
103,1.4207006230355,-0.661598071484645,-0.3614489230846887,-1.2131427698050388,0.2172574732969173,69.80171885557195,B6
104,1.45225580433084,0.07288176344548342,-0.09508026809251105,-1.1635255507547149,1.3576027086279816,71.35208482113885,B6
105,1.43155763277257,0.6275620849110971,0.8318751888135721,-1.1214370758081875,0.11855754735551893,70.33514435633647,B6
106,1.41501575115894,-0.7754810855026313,-0.6115608206599724,-1.1795851636328605,-0.43613035105316633,69.52241030736442,B6
107,1.40973115065175,0.2541866128930351,0.16396301596622176,-1.2772037497478612,0.11563024241836013,69.2627678514621,B6
108,1.40491731812931,-0.80892556756906,-0.16473404740936917,-1.164413645891965,0.5366746838797358,69.02625512041871,B6
109,1.39516429657156,-0.6465896119535425,-0.7398596601139564,-1.3912027387220396,0.04218514929750801,68.54707065486126,B6
110,1.39453438326141,-1.5438212554548079,1.2359484768117797,-1.4096261160251702,0.03391590768353222,68.51612181802292,B6
111,1.38931711793126,-0.9983261624537076,0.6731109580649917,-1.3227191715119653,-0.7087449317734339,68.25978766720657,B6
112,1.38383794723278,-1.481786339279264,0.09915179262680832,-1.2935904871876696,-0.6696500838765198,67.99058560840841,B6
113,1.37368142381951,-1.057724613323649,1.007515961126802,-1.2976277728143628,-1.4094315982544168,67.491576330628,B6
114,1.37860598918637,1.232359623718278,1.137841884358741,-1.415516270594595,1.7430792275199216,67.73352957654761,B6
115,1.37376002991086,-1.0278512088236627,0.27272798944237203,-1.3368246675703914,-1.2506730031277047,67.49543839713223,B6
116,1.36825805839427,1.5479607224241025,0.9120154816028112,-1.434558176411529,-0.6996574939315522,67.22511609085224,B6
117,1.36330240373175,0.6000958119744394,0.23244228548483337,-1.4655967972137987,-0.7251622218795875,66.98163536881283,B6
118,1.35809661401726,0.2520080973783963,0.1712370497662133,-1.419971934955297,0.8883377106774846,66.72586503678068,B6
119,1.35326909099953,-0.9251213434371142,-0.02207139536048623,-1.4567874152293119,-0.30166046284387754,66.48867966571184,B6
120,1.38416057382375,0.8336634651525798,0.4539912610410438,-1.4635738783112977,1.2411922095684917,68.00643686533972,B6
121,1.40514677906515,-0.6061030093994202,-0.8914340031278598,-1.1697499639927131,-0.6802408952041926,69.0375289718355,B6
122,1.37871902262735,0.18111552624165053,1.256423205347405,-1.2948392692293869,0.2723432469705502,67.73908312410059,B6
123,1.36826577831991,1.5479607224241025,1.1761685805222697,-1.4728848806221517,-0.8421142078072795,67.22549538545545,B6
124,1.3573151296618,-0.06495213191987738,-1.0485642937996427,-1.4553637936231458,2.1386928751003094,66.68746922672374,B6
125,1.35249346388016,1.3402692737226882,0.8390163525170621,-1.4706174126580887,-1.1944023176636724,66.45057163278418,B6
126,1.34740991516612,-0.7500162733034154,-0.9295932352121669,-1.5087156268965665,0.3031730105563432,66.20080723318262,B6
127,1.33700751308423,0.003960228022885209,-0.6327346376589253,-1.6084659656639413,0.6271629738162757,65.68971746960435,B6
128,1.33123529667185,1.5479607224241025,0.4138198999300852,-1.64233838308751,0.40716224398679174,65.40611751852555,B6
129,1.32593037817276,-0.6640223946713574,-0.8886165712445031,-1.6239650145153375,-0.19198700435186342,65.14547680110684,B6
130,1.32157874386753,1.5479607224241025,0.7905843278456612,-1.5652221144575373,-0.1365142593314996,64.93167274597316,B6
131,1.32122507406611,0.8420610058590222,0.8796066953251569,-1.607922575347619,0.037136024320921265,64.9142962771759,B6
132,1.31564853018627,-0.5912409295231883,-0.3030621581007669,-1.692727761535952,-0.15369735344458,64.6403100891114,B6
133,1.32090256975024,0.7570433773554089,-1.0741396409542134,-1.5944669252250925,0.9572996433430314,64.89845102785239,B6
134,1.34743287672739,1.140861482237167,-0.7094476602783003,-1.7117859904911383,2.204073568205625,66.20193537828106,B6
135,1.32601280723536,0.7450849532530134,-0.026913421357559104,-1.5468578994550304,-0.5642299558833505,65.1495266974466,B6
136,1.31011867848311,-1.7283847919306987,3.284260509856899,-1.8070478017860516,-1.3766258843571704,64.3686179763338,B6
137,1.30521620229393,-0.7770533418359435,0.0166361717671257,-1.7390846212974422,-0.09497127496455096,64.12775001365063,B6
138,1.30040619513558,-0.23585663620047762,-0.750636509447491,-1.81018608639093,2.5732984148778786,63.89142523000755,B6
139,1.30023573584112,-0.040549041393212824,0.023197552025140802,-1.8223884969128683,-0.8104384186931775,63.88305024124829,B6
140,1.28950667224808,0.743800998281991,-0.22801694181402699,-1.71015658214316,1.6326077674668016,63.355910977449824,B6
141,1.2792530573848,0.243956897083486,0.5816691526837524,-1.862661380019027,1.6711958008789047,62.8521314123992,B6
142,1.27920781717146,-1.4633481700836257,-0.9568603287937831,-1.8096600152647941,-0.5603260053966368,62.8499086748278,B6
143,1.27403676090292,0.47245229281703166,0.4915547841535821,-1.8586112962539105,0.5623624132906488,62.59584486293775,B6
144,1.27412739230015,0.7324196604888569,-0.2249525667516617,-1.8239653628468324,1.6218864669063344,62.60029775555028,B6
145,1.26376394264408,0.6751027611600041,2.540922439210134,-1.896699266932863,-0.3858473063314929,62.091121798604995,B6
146,1.25813736889552,1.2629829164127264,-0.6215175718692179,-2.0108472954690764,-0.2102816137269564,61.81467754810696,B6
147,1.2532598640553,0.9844302038548918,0.019051126280852575,-1.883831056085887,-0.5884216080434753,61.57503647520711,B6
148,1.25323133154934,0.5615750396011497,1.8729374345670198,-1.9813257574885081,-1.0215425998441394,61.573634619019415,B6
149,1.24808749603136,-0.03573339200903451,-0.9623474144045328,-2.073897079319106,-0.6560252903087179,61.32090821428384,B6
150,1.25343542849448,-1.8307706168572861,1.9603887002688751,-1.9761190105928514,-1.2307479562915862,61.58366228941876,B6
151,1.28980487732669,0.528217735925585,0.19816870257733996,-1.686603096029996,0.027407005852344592,63.37056235911387,B6
152,1.26354020217588,0.2777935702681209,-1.003995205469415,-1.8471666623059897,-0.7767335663241983,62.08012900462385,B6
153,1.24797617068429,0.349887697190351,-0.6877751046683951,-1.9954645817935492,0.22713028076906505,61.31543858862754,B6
154,1.23212028779433,-1.397229281839624,0.2720090612278928,-2.0667727611562285,-1.5627379627022366,60.53640895934005,B6
155,1.22711376662135,-1.1764123700835967,-1.004568438738229,-2.0874709231978,0.3242347293071481,60.29042906907003,B6
156,1.22173975813774,1.2318079050764446,-0.12233577817339401,-1.9549021282602,0.8269358910560557,60.02639382954228,B6
157,1.21110267891517,-0.0011927486835699727,-0.614800981896397,-2.1134619140803497,-2.0006236310881826,59.5037739325003,B6
158,1.20561597651317,0.8124393745492882,-0.015413334879743524,-2.1349798730897773,0.3674155707555662,59.23420182680902,B6
159,1.20089362627173,0.07539505546582831,-1.0297345361671417,-2.1169826161903473,1.2211170355025067,59.00218379391322,B6
160,1.19059039855583,0.07701741309264441,1.173542088361733,-2.215013954368495,-1.2164472166356608,58.49596665522176,B6
161,1.18517925104194,1.102190834865586,2.907429637449864,-2.271866917760998,1.6660668386830484,58.23010670462673,B6
162,1.17967068181446,-0.5388587608579237,2.7312385050809085,-2.2925300258200716,0.4123827004014136,57.959460240284734,B6
163,1.17459528367539,0.15190259817240276,0.44045738059273265,-2.3071910228876957,-0.7117654147652062,57.71009629390558,B6
164,1.15381833159625,-0.4781858696236711,-0.9280579874023778,-2.3983322066745503,-0.0624549127741111,56.689285192545505,B6
165,1.16440095573723,-0.44684025809272565,0.47891635331982274,-2.3007860155255053,0.5517051350597636,57.20922960804422,B6
166,1.15879749479161,-0.30542580784399315,-1.0538264357476408,-2.370125250752239,0.06933330197020099,56.93392093343505,B6
167,1.17497488347692,0.2940943857461178,-1.0565977377053304,-2.252931185197692,0.5321321735002507,57.72874675283719,B6
168,1.18567523279294,-0.4967742117733673,-0.6515901985090993,-2.257984803137585,-0.9274496482191269,58.25447522969066,B6
1,1.89105229539079,0.23454592590085682,-0.7111897699660436,1.570707379838304,0.7933453278517909,100.0,B7
2,1.88063702768686,-1.5517802406768324,0.7784584718490217,1.5496580304942442,-1.6231592269479722,99.44923428456651,B7
3,1.88066267170114,-0.08206547516843553,1.0898560051250334,1.4139622613018288,-1.060472348718701,99.45059035569912,B7
4,1.88077090098334,-0.9765193458053566,0.9780066861126523,1.4820200630277427,-1.0745943240910822,99.45631358622342,B7
5,1.87945087282851,-0.7865236548929412,1.6792734843985075,1.5621070857241683,0.9437267028471746,99.38650969142644,B7
6,1.88070035171174,1.4382359123665347,-0.7618052498661706,1.4342877443375823,1.7041117925631284,99.45258289766596,B7
7,1.87993525235661,1.2748641791857256,0.46437188656411055,1.5317314019888129,-0.11114013158255938,99.41212397661998,B7
8,1.88150881240388,0.7307861757966441,-0.40305725014921817,1.4315144953616024,-0.17551935106751,99.49533479268813,B7
9,1.86969078703858,-1.189113779595978,0.9461467300674106,1.4934679690650714,0.06337945267710433,98.8703903956397,B7
10,1.8700523801392,-0.3135912051038049,0.3513020884123776,1.462409100676329,1.1553194828710849,98.8895116595784,B7
11,1.87004423941886,1.4122880509002453,0.5648404610220916,1.3591569947627347,-0.9341298860874264,98.88908117331631,B7
12,1.85965189877664,0.20335281725087478,0.0918096540838052,1.4905340708000119,0.23171382978294905,98.33952785490466,B7
13,1.85907465608622,1.5479607224241025,-0.8665740847010902,1.3636286370167097,0.9686193369886339,98.3090029089882,B7
14,1.85900845777092,0.4872567549000371,-0.21590890390894124,1.3583642847365045,0.49446642240918764,98.30550230165645,B7
15,1.8593622586957,0.260147165430868,3.313746647199875,1.4261286079595634,0.1829213745333301,98.32421151057902,B7
16,1.8587355450601,-0.30536300249152504,1.963185478092063,1.4850488127836219,0.9944704960812913,98.29107051087595,B7
17,1.84781729132215,0.19412709162219177,-1.032687698602607,1.2907914988427946,-2.710194290615501,97.71370658685537,B7
18,1.8485252916137,-0.12860453340101005,-0.8832950130282095,1.3646265855747484,0.6712660124166873,97.75114607455625,B7
19,1.84837895185003,0.8424635490551573,-0.9259814497467113,1.3879093947409307,-0.660823928874086,97.74340753850272,B7
20,1.88078054376098,1.1229740960215222,0.34118832419724837,1.5619293628940807,-1.837503871780047,99.4568235021926,B7
21,1.88147215974436,-0.8434616641069077,0.7894881879584009,1.5315134917448796,0.5045759064260379,99.49339657767368,B7
22,1.88109543132448,-1.4587089021297612,-0.8172885033682806,1.4941776582735755,1.367121816671866,99.4734749488114,B7
23,1.871008964978,-2.0285146684769884,-0.3066590653394854,1.4152864352689092,-0.14414286989930583,98.9400964499161,B7
24,1.87019951519414,0.6166531573685297,0.9371744721521674,1.4710790351442682,0.9462939258410767,98.89729225111986,B7
25,1.8706715362801,-1.2015868224472972,0.36888708126024367,1.3976738652050744,1.6057664204256081,98.92225301434732,B7
26,1.85961246440202,-2.2133388673638006,-0.22262531557542956,1.2233353583580044,1.308371597372245,98.33744254109732,B7
27,1.86003390971835,0.4819090502557413,-0.1006196009991157,1.4447988125865212,1.6334555798220092,98.35972882674668,B7
28,1.85916531091608,1.5479607224241025,-0.30106868075076004,1.4711376707140813,0.7355248862378838,98.31379679174232,B7
29,1.84813981787783,0.03659053138354921,-0.693129844575488,1.2043240578188947,0.06876148981866695,97.73076198804476,B7
30,1.84920170212616,0.9895853883047125,-0.16652886184588517,1.297886918630834,-1.6088129340724178,97.78691507545108,B7
31,1.88346774379508,0.13577630633021126,0.20169315515570355,1.570096891093444,-0.252768173155368,99.59892428071944,B7
32,1.86282111179058,-0.06814519708569362,1.1889256780578465,1.5642035097703668,-0.8500145738816915,98.50711777410808,B7
33,1.85208503965235,1.0805174860426257,0.030080693631580533,1.3791759222090167,2.1644891554087535,97.9393877243153,B7
34,1.84695046482087,-0.2841019706858511,0.49198537567995443,1.305405728203345,-0.18258417717995917,97.66786827220946,B7
35,1.83682843116902,0.3451636668782675,-0.8895172718625788,1.292058464161037,0.1165376408133378,97.13260895248987,B7
36,1.83716196196723,0.4064414344531614,-0.4009819546143438,1.3954655752333702,0.544862884923335,97.15024626474312,B7
37,1.83167225837189,-0.7104256182597023,-1.0708774159704737,1.2368549087093392,0.03692697691035676,96.8599473867734,B7
38,1.82114709513178,1.162851431218127,-0.7699478431092417,1.1759243497173906,1.6885478370721068,96.30337032828784,B7
39,1.81650609151152,-0.15398193181740746,0.3431219061802268,1.1741509840067998,-0.6293943293349149,96.05795122319108,B7
40,1.81138156015046,-0.8093343010064444,3.313746647199875,1.1186092754517263,0.18794773742771195,95.78696287593328,B7
41,1.81160563339396,0.6488331628705017,-0.9664185302032541,1.1900050607183792,-0.7492280521043676,95.79881200586196,B7
42,1.80605489555574,-0.9703812888955128,-0.5171785695673368,1.2613017473058863,-1.3268402232926233,95.50528559986309,B7
43,1.81320418269941,0.0752402192046163,0.6875512374196344,1.210834236249057,-0.6185129235616331,95.88334426916036,B7
44,1.80626419382835,0.03315110300780428,-0.8304470708595689,1.1396585180950636,-0.043720678160920255,95.51635342030993,B7
45,1.79583102499005,1.2687544504033863,-0.191346888898629,1.0866073737236446,-0.4360270236679971,94.96464108196106,B7
46,1.78588526003905,0.5790855670902629,0.369996870091013,0.9554135013806788,-0.6991732254997023,94.43870295876684,B7
47,1.78032686045028,0.015200719610416477,-0.029610430018358072,1.0883784667969842,-1.413144177353162,94.14477139472083,B7
48,1.81507568995756,0.9662001002262641,-0.8523288105258264,1.1936899428638206,-0.08979425927283576,95.98231071565742,B7
49,1.81570251548458,1.5479607224241025,-0.5987240831107895,1.1900151008949449,-1.5115573523284953,96.01545763224708,B7
50,1.80024321780567,0.6728683894471572,0.6015431632413651,1.3356763966530547,0.7534552290125786,95.19796053200346,B7
51,1.79044762056093,0.055122677939983274,-0.193464778221002,1.0991547314139116,0.07576833467418076,94.67996336880417,B7
52,1.78034303230013,-1.4368218382733282,-1.0754174794850448,0.9816231470538518,-1.4643835574771373,94.14562657201492,B7
53,1.77532876959681,-1.1584225886919255,0.49138402602964637,0.9786311863764143,-0.3159213490298244,93.88046929870517,B7
54,1.77026297347329,-0.3009715800757612,-1.0416792416805367,1.0570307280456808,-0.7589148823453072,93.61258690667049,B7
55,1.7600810618542,-0.6443265122767877,0.4233949675323472,0.9401293489998167,0.31252778646321905,93.07416120348356,B7
56,1.74964759353769,-0.16753563905743865,-0.8325915664635273,0.7882683061819293,1.3339102535248424,92.52243302854411,B7
57,1.74965007505931,0.10736408829204146,2.403817741103415,0.9423329847281503,-1.882048090586584,92.52256425292254,B7
58,1.74502873921468,0.64114082841162,-0.5771111918507185,0.81624843200481,0.10835806003585287,92.27818519180964,B7
59,1.73964574552867,-0.036109220989324856,-0.646181612353255,0.9562790246752034,-0.16682951708368265,91.99352919899914,B7
60,1.7285642277718,0.5924044165153313,-0.9040502588724181,0.8508343723159253,0.6647300876311899,91.40753177397394,B7
61,1.72390032458842,0.11619316350207835,-0.6804567083680835,0.7284648258201923,0.20653884950419418,91.1609017259976,B7
62,1.71397887764852,-2.1856555891910205,1.2181755937158976,0.7934069182169389,-0.7587277889794736,90.63624955407818,B7
63,1.71397019970046,-1.01649566292418,3.313746647199875,0.714090228495579,-0.32576723458465007,90.63579065888626,B7
64,1.70365211736388,-0.11914605275983592,-0.5764699426293711,0.7154651697784609,-0.8027889096736588,90.09016416501672,B7
65,1.70401374743825,-1.3215664154961118,-0.427088313358906,0.6931647889742211,1.069439361458353,90.10928738414988,B7
66,1.6935716157343,0.7203943923199527,0.32562536377855134,0.5556678524753352,0.014633854009487293,89.557101083993,B7
67,1.68765773638777,1.5479607224241025,1.3066674854161326,0.5403106888086615,1.894708985257718,89.24437153331141,B7
68,1.68307443565832,1.418679422360422,-0.0933630037321884,0.6274944976657657,-0.06734715919839435,89.00200379231231,B7
69,1.67792701420255,-0.19740588835294237,-0.5353281351068497,0.5134132269028505,-0.7151606800476417,88.72980500287025,B7
70,1.67320602759662,1.5479607224241025,-0.49655847468858727,0.4860738586263171,-1.5205523090954625,88.48015634865605,B7
71,1.6674367208254,0.21119574024567464,0.22573189884569347,0.4221271657660117,-1.8100077833034163,88.1750718840285,B7
72,1.66226626306675,-0.33692351095792156,-1.0776367875619763,0.48720731246174065,-1.5909812053093213,87.90165492082487,B7
73,1.65742430657631,-0.648716469516463,-0.019250402926202947,0.5708798532543095,0.2604744978329842,87.64560930525718,B7
74,1.65253868492873,-0.29786284580438044,-0.5985392312333372,0.3427091146657878,0.5020980716897577,87.38725464951932,B7
75,1.64721746275733,-0.3945739059943441,0.6557371095845203,0.3883077295610788,-1.5880356571116367,87.10586517211725,B7
76,1.63641368108981,0.23573682670318027,-0.9739395663942993,0.42674180178076726,0.8884516596941844,86.53455460107419,B7
77,1.63625543120485,0.22463094122498137,-0.10635884056342751,0.32848963810720694,-0.48979145853139444,86.52618625053489,B7
78,1.64111917921838,0.04687798481499627,-0.360631440135148,0.3867838051094375,0.14012830655009015,86.7833842151488,B7
79,1.6315700789657,0.5364774940978315,0.04846229400629465,0.24160469863736223,1.605708784680906,86.27842196339327,B7
80,1.62121328298724,1.3869540899898491,-1.0075061702879469,0.2889121235062666,0.8902528493499144,85.73074826850376,B7
81,1.61642732147621,1.1149081605439999,-0.1280708939955111,0.22554194932695718,-0.2752386766326246,85.47766370163612,B7
82,1.61582351016192,-1.6321029493733137,-0.17542802146492165,0.29926303635093593,-0.8979652052910945,85.4457337906674,B7
83,1.61672418029789,-2.2133388673638006,-0.17749190852997795,0.3167975600075277,-2.1587198794807514,85.49336177737963,B7
84,1.610865586373,1.097718016171426,-0.06479917219159757,0.3800814388870238,-0.7259083533752493,85.18355575354997,B7
85,1.60066033743094,-1.4989311997829835,0.158692577675634,0.1993712113927997,-0.21783227999614382,84.64389595847534,B7
86,1.59591744870057,-0.21018211767229913,0.7149167785400183,0.15983932350259855,-0.9939625196659001,84.39308910654798,B7
87,1.59621795194622,-1.2769028069678234,-0.7356657582691954,0.15270587888530754,-0.13795067651046863,84.4089799016562,B7
88,1.5958065114634,-1.9898955976937258,0.8341866731770066,0.11493542974754711,0.07017988181588573,84.38722267771146,B7
89,1.59065078214807,0.6544219477535725,-0.3234224059102398,0.13518973732561113,-0.23155945473787262,84.11458456358335,B7
90,1.68882111618555,0.9000638844184565,-0.9930721275477953,0.5686887580492234,-0.6567504016961871,89.30589176734277,B7
91,1.62599382797332,-0.6070876136196183,-1.014886515821477,0.2950592660088471,0.1619922469673612,85.98354640622485,B7
92,1.61574338628129,-2.2133388673638006,-0.6341887801126398,0.3205614987028882,0.43530673160965366,85.44149679093846,B7
93,1.60566267648465,-0.5729358192318533,0.6071739572705355,0.11992154384554783,-1.0971928370076491,84.90842270191351,B7
94,1.59497469215243,0.48554855994829726,0.2701614225009379,0.20847521327341306,1.4043995393678748,84.34323556466349,B7
95,1.59041024388719,-1.6253479565798719,0.6263312240014108,0.197975312493697,-0.10527843394702059,84.10186475348257,B7
96,1.58535170629882,0.2503423638236046,-0.28097707922673887,0.07972060738723698,0.012171571463270267,83.83436619721844,B7
97,1.57997371472424,0.02616540768470745,-0.44372326831338843,-0.07723520918868951,0.701608280878559,83.54997471911453,B7
98,1.57521854652781,0.6971075504540991,-0.9059018673239779,-0.0013040135176526843,0.2265604408068048,83.29851852152443,B7
99,1.56979848464887,0.17837416370779313,-0.6441209736577859,0.09694659768590386,0.9465560398902046,83.01190234003909,B7
100,1.57025653759504,-1.054560255943005,-0.45578568388950275,0.012915332506597862,0.28047409800641737,83.03612445950593,B7
101,1.56524987390944,1.3936400560177051,-0.9792449413602381,-0.07511117063581975,-0.6191812770068793,82.77136902689293,B7
102,1.55963393356115,-0.13544227888973695,-0.8073238746134002,-0.06996434211806346,0.35486121667939696,82.47439467235084,B7
103,1.56498205333921,0.012630720531527402,-0.07928523249220437,0.04382398880754543,-1.1505255295514203,82.75720651161596,B7
104,1.57497949984227,-1.0096492309783178,0.38071743773914507,0.07298465622062729,0.10189101214385088,83.28587758683834,B7
105,1.56528111687805,-0.4567543183611237,3.313746647199875,-0.025273193023464927,-0.03991347466092362,82.77302117414904,B7
106,1.55975549747013,-0.954961539084841,1.8906211068046619,-0.0603617928718433,-0.21481858410877155,82.48082304608097,B7
107,1.5498976856705,-0.15170969676468068,0.049198788231409225,-0.10968043953568156,-0.13523093718491078,81.95953593923274,B7
108,1.5438771531345,1.5479607224241025,-0.48030289166584317,-0.17348186130841792,-1.8887253628862588,81.6411665027727,B7
109,1.54501874886901,-1.504598475332239,0.02973639619016649,-0.002126032150928789,-0.5554621641249291,81.70153478223766,B7
110,1.54459401541029,-1.7772854606704735,0.6110353883250476,-0.13080066723279135,0.08617456826385682,81.67907461761106,B7
111,1.53430867217589,1.5479607224241025,-0.942799373185584,-0.07996012308370103,0.15319304923080126,81.13517938745433,B7
112,1.52876039429585,-0.19275783179232261,-0.5016290008889714,-0.08692578752922232,-1.0344623576239864,80.84178306554597,B7
113,1.52892602491798,-0.7115340187289991,0.9309792113669725,-0.12030059179581518,1.2591598518068217,80.85054171397329,B7
114,1.52909165013312,1.2168588087453553,-0.5491319677958918,-0.21293903800119648,-0.8729452184746616,80.85930007647568,B7
115,1.52390593246612,-0.6399295578454932,-0.14908772365544684,-0.1834396273639036,0.9628783089365984,80.58507616000125,B7
116,1.51866754191006,1.5479607224241025,-0.10751328504759923,-0.23674455201793274,0.4205589056954038,80.30806686899285,B7
117,1.5136482266427,0.8084055770414414,-0.8571200070432317,-0.3184984484069019,-0.6529747369100101,80.0426424130117,B7
118,1.5136050185229,-0.5071134072844408,-0.5869844425417245,-0.23845910069168388,1.7688160613261736,80.0403575412551,B7
119,1.5139470614868,1.5479607224241025,-0.6337381951056332,-0.3350448877464267,-1.2004413602702713,80.0584449820273,B7
120,1.53395991931588,-0.6400417009173185,-1.0520116250990408,-0.0835736231147945,0.9125700348044924,81.11673712327897,B7
121,1.53913727986531,0.8808137920055737,-1.054271455992285,-0.1664972977345625,0.9940066731798226,81.39051911027369,B7
122,1.52362479728387,0.38115960448179115,0.8767492414901965,-0.1980367647591579,-0.6773701806178786,80.57020955991116,B7
123,1.51358130355891,1.512312579856644,-0.730764295694158,-0.24125766247266,1.3859305333457066,80.03910347947968,B7
124,1.50778507498479,1.5479607224241025,-0.2791325725401066,-0.3047281053928376,-0.2567526152066178,79.73259537347714,B7
125,1.50319606760373,0.07955404433471623,-0.6912871183005657,-0.2716722913545882,0.28204372579857795,79.4899258612566,B7
126,1.49782205969959,-0.8067082114926512,2.0225132847522183,-0.36704094817849364,0.25366897576833247,79.20574504207785,B7
127,1.49284853463352,0.5624687962741683,-0.7513885677300849,-0.30313317982582666,-0.14100276922576727,78.94274199989904,B7
128,1.49241438986703,-0.721286276163526,-0.46422218307524926,-0.4501227169823063,0.8042128325637365,78.91978415957128,B7
129,1.48748277653808,1.5479607224241025,1.183797193769766,-0.3777683027934931,0.7868914733169207,78.65899743564142,B7
130,1.48253514864041,0.1975059719468585,0.9456949140825868,-0.28326143685091854,-1.755394384040398,78.39736385153965,B7
131,1.4827874322229,-0.3687842538183337,-0.8549282856277347,-0.4741086513170519,1.2977962836480184,78.4107047614185,B7
132,1.47697117977506,0.25183227411641695,0.7017795420610541,-0.4811664595283201,-1.6693454238246543,78.10313778074767,B7
133,1.48190155541373,-1.476642781551221,-0.40783844676880365,-0.3794454275437582,1.025973893699238,78.36385905485982,B7
134,1.49813661988748,-1.0529185588357428,-0.3563979893094176,-0.3227514586284477,1.1201426481029972,79.22237917687447,B7
135,1.48207752143929,1.397975788367062,-0.9237632027550081,-0.3892636335988743,-1.0977602489617704,78.373164245731,B7
136,1.47711553128122,-0.6977919680997975,-0.9888459075278436,-0.4042142639220168,-0.4175371585894714,78.11077117653011,B7
137,1.47207727830565,-1.1378828684028666,0.3490730917215301,-0.41907789617242347,-1.1125000246093848,77.84434528297601,B7
138,1.47224801365645,0.6489944198907706,-0.32734509817427204,-0.38721418555331544,-0.22162346688267526,77.85337387257218,B7
139,1.46701066722747,1.381377451672065,-0.4502754509866438,-0.4582851500978248,-0.31474643362056937,77.5764197956413,B7
140,1.46176724953354,0.8547005242532923,0.35542760396396644,-0.5261963026068373,0.7730618425864181,77.29914466651292,B7
141,1.45669526704897,1.1673710121181222,0.5123715868743524,-0.4910182890150777,1.3037654094766942,77.03093513592869,B7
142,1.45135497275896,-0.8105190303480032,-0.8910381793597861,-0.4366539622406777,1.3891493798010137,76.74853711324965,B7
143,1.45161592625738,-1.560915876762707,-0.04596924703059023,-0.5682074729470838,-0.5689066852424918,76.76233649357648,B7
144,1.44681613321737,1.5479607224241025,-0.921384292808909,-0.6464416891649023,-0.2159237158473693,76.50852050701127,B7
145,1.44675706077688,-0.3206677771319853,0.4480465712446327,-0.5107034389667724,-1.69029381295289,76.5053967202903,B7
146,1.44137974814468,-0.23959655006034805,0.0943476243935337,-0.6169265881363487,-0.8126341462367386,76.22104114507397,B7
147,1.43624562522082,1.5421617107776087,2.3662368091550543,-0.7758720287011168,0.9582722610908149,75.949545590119,B7
148,1.43681541539248,0.6710851983648681,-1.0026731491195833,-0.5757659086927922,1.6090713306914326,75.97967644229315,B7
149,1.436294514586,0.5578600335449028,-1.0166313002797627,-0.6686424829424809,-1.2411576471529167,75.9521308896001,B7
150,1.4418575315878,1.5479607224241025,-0.7168982110947169,-0.6126647780861758,-0.599206078081321,76.24630662526639,B7
151,1.46720634847818,-0.6826985702760194,-0.7478094361114188,-0.46242489007043897,-0.03308852912510699,77.58676753965594,B7
152,1.45186403678489,1.0904062944511566,-0.769510296516243,-0.545891840105257,0.2735103652982415,76.77545672976004,B7
153,1.44713797527485,0.1077739194953208,1.5197079600574286,-0.5348439719861203,-0.8163679891066392,76.52553971151792,B7
154,1.4417905865624,0.34651769500151414,-0.7657578080508533,-0.6355298015213146,0.41742526144482783,76.24276653144861,B7
155,1.43163094791111,1.5479607224241025,-0.7324574744201889,-0.6226929800776435,-0.4805687919833128,75.70551863639817,B7
156,1.43180842496737,0.6164776130524752,0.484087556769172,-0.6723238254658286,-0.021133796150990477,75.71490373149537,B7
157,1.42625625851069,0.6508487329030868,-0.4248358720812089,-0.6339454194471972,0.5396612143458769,75.42130177928004,B7
158,1.42608775289249,1.2536473088693054,0.5661343757602604,-0.6428270576301767,-0.0002570779941849152,75.41239109930515,B7
159,1.42126335100317,-0.36836807906754776,-1.006903779597062,-0.7675045058498656,-0.4431114285895241,75.15727378176302,B7
160,1.41632727487951,-0.903514806743532,-0.34657390925048015,-0.6592929314492351,-0.11630125528251908,74.89625106252404,B7
161,1.4165781829176,-1.1355112313544429,-1.0436111984451442,-0.7640660936910347,-0.09505219425861554,74.90951923277517,B7
162,1.41084017294252,-2.1753759833900683,-1.0100884382219912,-0.7039991240311735,-0.376729644242672,74.60608976183639,B7
163,1.41099496283478,1.5479607224241025,1.5218533910327374,-0.7320526999873314,-0.2655030759586747,74.61427514584913,B7
164,1.40617142903988,-1.2014082655229223,-0.9164283559994548,-0.6592710210591719,1.5921339110540491,74.35920373366997,B7
165,1.40633584796929,-0.2062194625807337,-0.24593804645418943,-0.7931953159103535,0.5542979409121452,74.36789830704643,B7
166,1.40045523990665,-0.26891243888707217,-0.4994097057036496,-0.8298678486609659,-0.30219115793316775,74.05692816217137,B7
167,1.42178650460552,0.39031549241916746,-0.6123454008844843,-0.7051158292515137,0.690347087576314,75.18493846367717,B7
168,1.43245527206254,0.9639104993785766,1.4469142246538562,-0.672045790981768,-0.3405343289002883,75.74910940083338,B7
1,1.85500452079108,1.3671828519463538,-0.19770965196379833,1.461717821498031,0.659701987652876,100.0,B18
2,1.84319553170899,0.4605413942738376,-0.27435464469174864,1.4539524568592146,0.45595952900657066,99.36339836643342,B18
3,1.83960184243554,-0.07763776655900013,-0.9117841991359751,1.4836207318425707,-1.7326667690743953,99.16966895859794,B18
4,1.8306736044962,0.5486401333263292,0.5594410249443346,1.338961174384794,-0.6843153482664852,98.68836350412217,B18
5,1.83270020694196,-1.7291198614059133,-0.7332726303530795,1.444839659784015,1.187553945404677,98.79761404357072,B18
6,1.82852888460463,-1.2279921190700989,-0.32683379664519097,1.5443288755289226,-0.987947896321725,98.57274546289734,B18
7,1.82120118956979,-1.3037720045329448,-0.7136990318375376,1.400985755248032,-0.4711327230280936,98.1777224345052,B18
8,1.81517001064332,0.2047364276182639,-0.9233213611428169,1.384952053021698,0.4554290740774057,97.8525922874424,B18
9,1.80429805209676,1.5479607224241025,0.00992492812087749,1.2339129916424034,0.7767922086814798,97.26650430627004,B18
10,1.82310023028442,1.5479607224241025,-1.0197992360471038,1.3687099740960424,-0.25824514232459134,98.28009634752512,B18
11,1.81212535202554,0.7634112903427924,0.4360484696509754,1.3303439035544766,-0.6042525399723007,97.6884601474042,B18
12,1.80469163821177,0.6085887219557794,-0.6613313717259773,1.2974389792803949,1.4158382143881003,97.28772183488516,B18
13,1.79084434978629,-1.9888544284869678,-1.0810304952232577,1.3336589317867118,1.7324010343817826,96.54123910288756,B18
14,1.78347072284192,-0.568906735589523,-0.2948638565026819,1.2499870749707038,0.9722801398142696,96.1437399668086,B18
15,1.78093861253107,-0.8454863243592713,-1.0284558842453995,1.128427866793824,0.07864702455562515,96.00723839592456,B18
16,1.77120903967269,-0.6571172584778758,-0.7260706216903946,1.1691811088022355,-0.8150300512773451,95.48273439880056,B18
17,1.7686303996707,-0.14629089625156186,0.26751682197270027,1.1729125447042261,-0.8372110496986173,95.34372449488453,B18
18,1.75363048019171,-0.48926134236154156,-1.0100457490525119,1.1408841013331115,0.5158885920939582,94.53510546938514,B18
19,1.7462197416415,-2.189980982941176,0.9278028367672649,1.1331139874911897,0.41176184716828745,94.13560571253012,B18
20,1.73766473370537,0.8873752483688538,-1.0769733913624437,0.921309709279065,1.3950647789409505,93.67442042482628,B18
21,1.73151667354758,-1.167031484289949,-0.7697363310369787,0.9043350998424113,0.6438379246383582,93.3429894181154,B18
22,1.70859498944706,0.31340462606073416,0.40272056389004957,0.7621003297734689,-1.5099171089778973,92.10732212762574,B18
23,1.71146995706821,1.5479607224241025,-0.6634492174097184,0.8431638935984918,1.045377330883051,92.2623065273362,B18
24,1.70750213732726,-0.9939833796484592,-0.9631029184314516,0.8693623032646134,-1.0048447548597508,92.04840841029775,B18
25,1.74923820643602,-2.2133388673638006,-0.5904272368014266,1.1092368365917722,-0.39069134253533894,94.29832579006572,B18
26,1.73276971474299,-0.27928338222163884,-0.7348038559161701,0.9585376572102281,0.24354628743986004,93.4105386440804,B18
27,1.72223133282923,1.2857525935568916,0.951118544142763,0.8906276386200984,1.9891956443643704,92.84243318688908,B18
28,1.71184629898472,1.5479607224241025,-0.6681351413433334,0.8702287907140944,3.1035629404763805,92.28259445182869,B18
29,1.69926783512668,-1.3439704290623837,0.6279827943031352,0.7437055794893123,0.6001063299788607,91.6045117993575,B18
30,1.69403664392431,0.6039112618911903,1.3628843224374194,0.9090217928931695,-0.18989574607371287,91.32250757005572,B18
31,1.6819027078768,-0.4816107225543087,-0.45617765042605146,0.60758480272767,0.5278813861720414,90.6683886225539,B18
32,1.67697706184336,-0.07611016396590967,1.5638127906863217,0.7004183798859318,0.8810680013671833,90.40285579078812,B18
33,1.66552293064789,1.5479607224241025,-0.5606881594643136,0.7640914478216656,-0.32738109280263694,89.78538391580932,B18
34,1.6571924575832,-1.6524956173878822,2.5736598788606133,0.5912184035496056,1.7887186004884952,89.33630290434432,B18
35,1.6482241555294,0.32975815191667895,-0.978413893746969,0.534126603373377,0.22341474063427913,88.85283766459517,B18
36,1.63877014979872,0.5711811270413188,0.19512275696799491,0.47656272705911823,0.4911149920023898,88.34318900203299,B18
37,1.6276486907262,1.268631184086445,-0.3331060169962181,0.43328436978501295,0.6593136982990604,87.74365089051523,B18
38,1.62215370227252,0.15400408499580154,-0.542306491404229,0.5076819582464702,0.41495056948175196,87.44742581978943,B18
39,1.61400665104675,0.3910419968701571,0.019320282550230983,0.23325789268379427,0.8323479944058297,87.00823275397977,B18
40,1.67605161544246,-0.3984913922864404,0.2558820454907268,0.7839854718100653,-0.6239975912609126,90.35296661852315,B18
41,1.64930064255219,0.3471210026207699,-1.0763739463216746,0.45880444317668123,-0.565040009311126,88.91086916860095,B18
42,1.63238299185809,-0.34381380300509484,-0.8804783920610942,0.4509959140014184,-1.1069490101174497,87.99886865838735,B18
43,1.61641597190257,0.744816314810722,0.2905144826277711,0.3616262003959607,0.43286705819951093,87.13811496336612,B18
44,1.61090283782493,-0.3736236750937444,0.12497452226947468,0.4009454971352571,0.7723377383042167,86.84091169427171,B18
45,1.59546386936956,0.4689571535768873,2.63560194161058,0.1819149335586638,0.4511405996841994,86.00862431802393,B18
46,1.72670744008576,0.010421023776140181,0.4916002463802585,0.9638041614167135,1.6679870854770078,93.0837321813854,B18
47,1.71656739174297,1.3140645904019215,2.2274388130003886,1.0158749334190231,-0.012276620287333107,92.53710017973044,B18
48,1.69582355709348,-0.014551270926373636,0.25100813969597235,0.6922148262563163,0.6621313957264497,91.41883688619174,B18
49,1.67777831907925,-1.9572310020952106,-0.6923416158478706,0.704694443876102,-1.0984947714975006,90.44605014567564,B18
50,1.66065868977741,1.4673803334029594,-0.9588464384088567,0.5646109722990891,-0.39382009939060836,89.5231613273487,B18
51,1.66641092748274,-0.9785782729987258,0.5915877801466035,0.6640669216727918,0.6889302928579077,89.83325424846335,B18
52,1.64683361744078,-0.6942624319041419,0.05407878966770335,0.54093827948963,0.8425106646584685,88.77787622525449,B18
53,1.62576399287799,-0.6286972877725548,-1.0269169329857508,0.39385900968691007,-0.30067762970531947,87.64205017595705,B18
54,1.61215774118746,1.5479607224241025,-0.590742252792628,0.40055528413293273,-0.07828673825349931,86.90856130635972,B18
55,1.60573668237553,-2.2133388673638006,2.3709368811854152,0.4549142389629815,-1.5247120970344872,86.56241342693612,B18
56,1.67364531487988,1.5479607224241025,-0.3187141470738066,0.6594404000638843,-0.3637464610050447,90.2232472277826,B18
57,1.64043485723499,1.235084699328803,-0.4582875413354964,0.555163101809914,0.8837960235492296,88.43293042409486,B18
58,1.6132653317422,0.2953414173505528,-0.408826150634732,0.2896276403163599,0.5685849992353669,86.96826954654598,B18
59,1.59209643246862,-0.01850094809101535,-0.8237358026260316,0.20723912013091875,0.4940379291581759,85.82709177386043,B18
60,1.58660118206988,0.3656572138962551,-0.575778088799247,0.27350658894789326,0.043098861454078416,85.53085258214156,B18
61,1.58007664903362,0.6314701593366853,-0.5738513185745103,0.3074401187062539,0.0003838776755258205,85.1791265910115,B18
62,1.56417329532891,0.7714956221365576,-1.0220938473293941,0.15526639525003022,-0.6670700366968988,84.32180503052668,B18
63,1.55561827219392,0.6703793415278742,0.5220418204863393,0.06938060351358732,0.6922212987506638,83.86061892347925,B18
64,1.54020452786374,0.1445228204064257,-0.48927171130938496,0.013774829122731673,0.41433683924386205,83.02969133503291,B18
65,1.53216130159598,-0.17923378929645917,0.8163115797631441,-0.10755451862161663,0.4853901537960716,82.59609528835968,B18
66,1.53162324036934,-0.12725435541660549,1.0057986102829144,0.011002945119013962,-0.5327697322027634,82.56708936300427,B18
67,1.52225959507719,-0.17649164397209915,-0.8194061584900932,-0.017021866051987748,-2.1602475573613877,82.0623118712407,B18
68,1.50652671268512,1.3227755865869089,0.09562415551345808,-0.181810881023465,1.0905871403530107,81.21418011653422,B18
69,1.50142195565329,0.7132042833181977,-0.3788773060299675,-0.2081592384214991,-0.48556742228413835,80.93899172887178,B18
70,1.49635341174864,-2.2133388673638006,1.2498574302770789,-0.18506678132876758,-0.8695457797376068,80.6657555265962,B18
71,1.53342620003124,0.7835526830198272,-0.8141697121842295,-0.04814546048540845,0.6868712324435698,82.66428371707146,B18
72,1.52384526751442,0.2631792373027158,0.16327068391438637,-0.07117980370123546,-0.39873354931425564,82.1477926568376,B18
73,1.50119209942612,0.02233011512532385,-0.05291840935686031,-0.04137009384867231,1.0533669305319049,80.92660058779404,B18
74,1.49241767145029,-0.3949594029595348,-0.6966388128136263,-0.23799279998762565,0.6103902930494726,80.4535867553486,B18
75,1.48332385194012,1.3118783002765684,-0.9197987763696807,-0.2901149744314439,0.6769606100398523,79.9633550923933,B18
76,1.48073767922942,1.112620154497709,0.07745360132727529,-0.3217673329298786,-1.3727782146619076,79.82393911352565,B18
77,1.47350778099024,-0.828666449973411,0.3929824068418473,-0.2664795810211707,1.2053903881067913,79.43418813674114,B18
78,1.46801928526661,0.5027545666840647,-0.6644817000989999,-0.3540192237235167,0.2545977651048472,79.13831307756396,B18
79,1.4580923557119,-1.0529667366044968,0.05619084261412477,-0.4335676266301723,-0.3759956770530597,78.60316993136416,B18
80,1.44786609888914,-1.5133062846764211,-0.5287987913557728,-0.35522571799110325,0.13672340677152148,78.05189058362441,B18
81,1.45278087775419,-0.663740485420033,0.29113047485697313,-0.3245639495186447,-1.7831005334862773,78.31683758563787,B18
82,1.44253563644924,1.0165569506816516,-0.8370809198106947,-0.5070905401282247,0.4020154211959661,77.7645348181718,B18
83,1.43927128772033,1.1189375391658356,1.3461731552853606,-0.605924546765314,-1.0361589018317652,77.58855957432074,B18
84,1.42864756818882,0.6224012805503718,-0.7088750564436151,-0.4705111445530949,-1.3594914034740253,77.0158537176806,B18
85,1.42490267500049,0.8616316321974333,-0.5773801899477953,-0.5995540599031235,-1.529198004457273,76.81397317526914,B18
86,1.46981153245241,0.625891240383819,-1.0154220410006372,-0.2816742496855184,1.1061244241472012,79.2349299410655,B18
87,1.45258196510502,-0.6804004517816316,-0.9512706882307195,-0.5470473159402499,-0.6360090512169432,78.30611455790716,B18
88,1.44283419890879,0.5308179135396132,-0.2841752060728403,-0.40805578283433924,1.5272076785792876,77.78062979024348,B18
89,1.42837605880794,0.9466148921793057,-0.7390132836447038,-0.6168314703002364,-0.542537371364355,77.00121712904499,B18
90,1.41545478443707,0.894575587331451,0.9017287825774168,-0.5536587606458381,-1.714216073446314,76.30465417051595,B18
91,1.4545766700777,1.3849986994352197,-1.064914630365044,-0.4075396958737296,-1.1233209247054023,78.41364556121866,B18
92,1.4283179548274,0.8426837774857072,-0.5575499136178796,-0.6003090140533796,1.2292605124108913,76.99808484662258,B18
93,1.4197026883204,0.4400114861662955,-0.6290488020080824,-0.60705948125615,-0.16259445773176914,76.53365112635724,B18
94,1.41556066303065,1.2509875822262426,-1.0597347210759018,-0.556040923856399,-0.5550245072264123,76.31036189749953,B18
95,1.40568003541922,0.013514566048695989,-0.9352561886623502,-0.6426976629341343,0.15335489996741702,75.77771480684898,B18
96,1.40844610711661,-0.9516575426632065,-0.4946472730109261,-0.5977870688429543,0.4951550604626883,75.92682882066336,B18
97,1.39685477828724,-0.14056222486794875,-0.3351649833876781,-0.5639895165323648,1.1108353564158149,75.30196086484692,B18
98,1.39356703714406,-0.797099717193785,-0.5120347200425343,-0.811571726853795,1.4419703081923028,75.12472457747776,B18
99,1.38936442928094,-0.7184234440995112,-0.24941733679281056,-0.6244038637736801,-0.36648619174483643,74.89816944965911,B18
100,1.37856514156667,-0.1196325185547497,-0.08771293270226192,-0.7765215448225635,-1.332866026652716,74.31599902402239,B18
101,1.38490111008574,-0.8507177306301366,-1.0702204204854948,-0.810825027631398,-0.420188308276361,74.65755983684282,B18
102,1.37032518142424,-0.3040597860215911,-0.39579138178119516,-0.9109081319692837,0.2536276392685457,73.87179740348316,B18
103,1.3733464385229,-2.09329473449995,2.55608596732574,-0.8214361643578634,-0.9705394756727975,74.03466800917695,B18
104,1.36794872855048,0.28411934672279365,-0.27695650461069715,-0.7754722640098123,-0.9639307750615618,73.7436870486498,B18
105,1.35671410870896,0.044801132704571346,0.1623471286757092,-0.8994389203348816,0.33714372506684265,73.13804864100167,B18
106,1.46043102091945,-0.8785536533482043,-0.6705072643976983,-0.2808529914497163,-0.05533744432607388,78.7292432202073,B18
107,1.45009989371041,0.7873270251822182,0.5528350382683789,-0.5253785596908365,0.026120398809994994,78.17231049614934,B18
108,1.43814069018245,1.1013855387245897,0.5476460554300681,-0.49032015920169064,-0.7652544726819263,77.52761106852422,B18
109,1.42836819809643,-1.7705133910142132,-0.2717729050759667,-0.6195638813233916,-0.23710476551834953,77.00079337204484,B18
110,1.41478745175524,-0.8172100325137096,3.017394190806813,-0.5809403371130052,-0.9310095707123944,76.26867945054353,B18
111,1.41388916339318,-0.8244515549140979,-0.9337722597894533,-0.5511780147378269,0.8836112518823152,76.22025431993109,B18
112,1.39893316621772,-1.0171362580834025,-1.0623979705723663,-0.7103860646930918,1.0286773060505892,75.4140030678273,B18
113,1.39533225840339,0.9794119013181228,0.5343565241781615,-0.8708237285361636,-1.853060459733096,75.2198845212701,B18
114,1.39004612954024,-0.1752705663679574,0.727191802214226,-0.713719223788111,-0.9362878371662363,74.93491870022208,B18
115,1.38602714542096,-0.2550349827253863,-0.9404652038384365,-0.7180012163523745,-1.5033653789545915,74.71826240239452,B18
116,1.38821526019375,-2.2133388673638006,-0.742024250022535,-0.7093300831304552,-0.6567717575070624,74.83621978461463,B18
117,1.37618265623945,0.7604401594198805,-1.0617219073153692,-0.7143376071689351,-0.09012669110755324,74.18756347033413,B18
118,1.36471688986401,-1.3549257411521325,-0.6997416074834677,-0.9216252206028562,-1.4564764529899312,73.5694643634624,B18
119,1.35898547393735,0.11106825979964008,0.548712951678475,-0.8354532663253965,-0.9286359920022014,73.26049390746503,B18
120,1.34623087640088,0.35643021539657366,-0.2794021112626236,-0.8648795200849357,-1.0107421147287825,72.5729162011298,B18
121,1.42684278184546,1.5479607224241025,-0.6110782478278496,-0.661471288094694,0.2006089321677234,76.91856089045933,B18
122,1.40644814832796,-1.4334188025848844,-0.5704881255031354,-0.6249414360886322,0.06267155276533846,75.81912240991036,B18
123,1.39349074920751,-2.2133388673638006,-1.0796902181724461,-0.7426775988230145,-0.7284928570370197,75.12061203027397,B18
124,1.38824935122493,0.25089485168836967,-0.6896016273363919,-0.7409079804819754,0.1701592989736806,74.83805757157407,B18
125,1.37018783384209,1.5479607224241025,0.06123294672308371,-0.801936244148653,-0.553417127671395,73.86439323920158,B18
126,1.37969516656086,1.4414554092330347,2.937063605917796,-0.8096060028500298,-0.27836346497214354,74.37691666500518,B18
127,1.36865863239356,0.28001844830922895,0.9819257184817373,-0.8763515186604482,1.6669466339076193,73.78195670433652,B18
128,1.36273717790964,-0.5113164084938703,-1.0549432289310658,-0.8591682848236089,1.3339208603983561,73.46274160714665,B18
129,1.3634051133928,0.9541898540010809,1.4330414371104463,-0.9291526412092309,-1.3063968167268625,73.49874882306842,B18
130,1.35186460353052,-1.0550987899674544,0.5985318877836712,-0.9859744810271674,0.8231389513007782,72.87662042753446,B18
131,1.35479697296526,0.5809581712504903,0.5843210705338987,-0.8561648986891127,0.8048011752604174,73.03469925709383,B18
132,1.34105144064048,0.6138082972059797,-0.4082259622900556,-1.0434168254810683,-1.1550630842559577,72.29370201580852,B18
